/****************************************************************************
** Resource object code
**
** Created by: The Resource Compiler for Qt version 6.7.2
**
** WARNING! All changes made in this file will be lost!
*****************************************************************************/

static const unsigned char qt_resource_data[] = {
  // D:/WriterBoard/DragWindow.qml
  0x0,0x0,0xb,0xca,
  0x2f,
  0x2f,0x20,0x49,0x6d,0x70,0x6f,0x72,0x74,0x20,0x6e,0x65,0x63,0x65,0x73,0x73,0x61,
  0x72,0x79,0x20,0x51,0x74,0x20,0x6d,0x6f,0x64,0x75,0x6c,0x65,0x73,0x20,0x66,0x6f,
  0x72,0x20,0x74,0x68,0x69,0x73,0x20,0x61,0x70,0x70,0x6c,0x69,0x63,0x61,0x74,0x69,
  0x6f,0x6e,0xd,0xa,0x69,0x6d,0x70,0x6f,0x72,0x74,0x20,0x51,0x74,0x51,0x75,0x69,
  0x63,0x6b,0x20,0x32,0x2e,0x31,0x35,0x20,0x20,0x2f,0x2f,0x20,0x50,0x72,0x6f,0x76,
  0x69,0x64,0x65,0x73,0x20,0x65,0x73,0x73,0x65,0x6e,0x74,0x69,0x61,0x6c,0x20,0x51,
  0x4d,0x4c,0x20,0x74,0x79,0x70,0x65,0x73,0x20,0x6c,0x69,0x6b,0x65,0x20,0x52,0x65,
  0x63,0x74,0x61,0x6e,0x67,0x6c,0x65,0x2c,0x20,0x49,0x74,0x65,0x6d,0x2c,0x20,0x65,
  0x74,0x63,0x2e,0xd,0xa,0x69,0x6d,0x70,0x6f,0x72,0x74,0x20,0x51,0x74,0x51,0x75,
  0x69,0x63,0x6b,0x2e,0x43,0x6f,0x6e,0x74,0x72,0x6f,0x6c,0x73,0x20,0x32,0x2e,0x31,
  0x35,0x20,0x20,0x2f,0x2f,0x20,0x41,0x64,0x64,0x73,0x20,0x73,0x75,0x70,0x70,0x6f,
  0x72,0x74,0x20,0x66,0x6f,0x72,0x20,0x55,0x49,0x20,0x63,0x6f,0x6e,0x74,0x72,0x6f,
  0x6c,0x73,0x20,0x73,0x75,0x63,0x68,0x20,0x61,0x73,0x20,0x62,0x75,0x74,0x74,0x6f,
  0x6e,0x73,0x2c,0x20,0x74,0x65,0x78,0x74,0x20,0x66,0x69,0x65,0x6c,0x64,0x73,0x2c,
  0x20,0x65,0x74,0x63,0x2e,0xd,0xa,0x69,0x6d,0x70,0x6f,0x72,0x74,0x20,0x51,0x74,
  0x51,0x75,0x69,0x63,0x6b,0x2e,0x4c,0x61,0x79,0x6f,0x75,0x74,0x73,0x20,0x31,0x2e,
  0x31,0x35,0x20,0x20,0x2f,0x2f,0x20,0x41,0x6c,0x6c,0x6f,0x77,0x73,0x20,0x66,0x6f,
  0x72,0x20,0x6c,0x61,0x79,0x6f,0x75,0x74,0x20,0x6d,0x61,0x6e,0x61,0x67,0x65,0x6d,
  0x65,0x6e,0x74,0x2c,0x20,0x73,0x75,0x63,0x68,0x20,0x61,0x73,0x20,0x70,0x6f,0x73,
  0x69,0x74,0x69,0x6f,0x6e,0x69,0x6e,0x67,0x20,0x6f,0x66,0x20,0x69,0x74,0x65,0x6d,
  0x73,0xd,0xa,0xd,0xa,0x57,0x69,0x6e,0x64,0x6f,0x77,0x20,0x7b,0xd,0xa,0x20,
  0x20,0x20,0x20,0x69,0x64,0x3a,0x20,0x64,0x72,0x61,0x67,0x57,0x69,0x6e,0x64,0x6f,
  0x77,0xd,0xa,0x20,0x20,0x20,0x20,0x76,0x69,0x73,0x69,0x62,0x6c,0x65,0x3a,0x20,
  0x74,0x72,0x75,0x65,0xd,0xa,0x20,0x20,0x20,0x20,0x66,0x6c,0x61,0x67,0x73,0x3a,
  0x20,0x51,0x74,0x2e,0x57,0x69,0x6e,0x64,0x6f,0x77,0x20,0x20,0x2f,0x2f,0x20,0x4d,
  0x61,0x6b,0x65,0x73,0x20,0x74,0x68,0x65,0x20,0x77,0x69,0x6e,0x64,0x6f,0x77,0x20,
  0x62,0x65,0x68,0x61,0x76,0x65,0x20,0x6c,0x69,0x6b,0x65,0x20,0x61,0x20,0x73,0x74,
  0x61,0x6e,0x64,0x61,0x6c,0x6f,0x6e,0x65,0x20,0x77,0x69,0x6e,0x64,0x6f,0x77,0xd,
  0xa,0x20,0x20,0x20,0x20,0x63,0x6f,0x6c,0x6f,0x72,0x3a,0x20,0x22,0x6c,0x69,0x67,
  0x68,0x74,0x67,0x72,0x61,0x79,0x22,0x20,0x20,0x2f,0x2f,0x20,0x53,0x65,0x74,0x73,
  0x20,0x74,0x68,0x65,0x20,0x62,0x61,0x63,0x6b,0x67,0x72,0x6f,0x75,0x6e,0x64,0x20,
  0x63,0x6f,0x6c,0x6f,0x72,0x20,0x6f,0x66,0x20,0x74,0x68,0x65,0x20,0x77,0x69,0x6e,
  0x64,0x6f,0x77,0xd,0xa,0x20,0x20,0x20,0x20,0x77,0x69,0x64,0x74,0x68,0x3a,0x20,
  0x33,0x30,0x30,0x20,0x20,0x2f,0x2f,0x20,0x57,0x69,0x6e,0x64,0x6f,0x77,0x20,0x77,
  0x69,0x64,0x74,0x68,0xd,0xa,0x20,0x20,0x20,0x20,0x68,0x65,0x69,0x67,0x68,0x74,
  0x3a,0x20,0x33,0x30,0x30,0x20,0x20,0x2f,0x2f,0x20,0x57,0x69,0x6e,0x64,0x6f,0x77,
  0x20,0x68,0x65,0x69,0x67,0x68,0x74,0xd,0xa,0xd,0xa,0x20,0x20,0x20,0x20,0x2f,
  0x2f,0x20,0x50,0x72,0x6f,0x70,0x65,0x72,0x74,0x79,0x20,0x74,0x6f,0x20,0x61,0x63,
  0x63,0x65,0x70,0x74,0x20,0x74,0x68,0x65,0x20,0x64,0x72,0x61,0x67,0x67,0x65,0x64,
  0x20,0x72,0x65,0x63,0x74,0x61,0x6e,0x67,0x6c,0x65,0x20,0x66,0x72,0x6f,0x6d,0x20,
  0x74,0x68,0x65,0x20,0x6d,0x61,0x69,0x6e,0x2e,0x71,0x6d,0x6c,0xd,0xa,0x20,0x20,
  0x20,0x20,0x70,0x72,0x6f,0x70,0x65,0x72,0x74,0x79,0x20,0x76,0x61,0x72,0x20,0x72,
  0x65,0x63,0x74,0x61,0x6e,0x67,0x6c,0x65,0x43,0x6f,0x6e,0x74,0x65,0x6e,0x74,0x3a,
  0x20,0x6e,0x75,0x6c,0x6c,0xd,0xa,0xd,0xa,0x20,0x20,0x20,0x20,0x2f,0x2f,0x20,
  0x53,0x69,0x67,0x6e,0x61,0x6c,0x20,0x74,0x6f,0x20,0x65,0x6d,0x69,0x74,0x20,0x77,
  0x68,0x65,0x6e,0x20,0x74,0x68,0x65,0x20,0x77,0x69,0x6e,0x64,0x6f,0x77,0x20,0x69,
  0x73,0x20,0x63,0x6c,0x6f,0x73,0x69,0x6e,0x67,0x2c,0x20,0x70,0x61,0x73,0x73,0x69,
  0x6e,0x67,0x20,0x62,0x61,0x63,0x6b,0x20,0x74,0x68,0x65,0x20,0x6f,0x72,0x69,0x67,
  0x69,0x6e,0x61,0x6c,0x20,0x72,0x65,0x63,0x74,0x61,0x6e,0x67,0x6c,0x65,0x20,0x61,
  0x6e,0x64,0x20,0x69,0x74,0x73,0x20,0x70,0x72,0x6f,0x70,0x65,0x72,0x74,0x69,0x65,
  0x73,0xd,0xa,0x20,0x20,0x20,0x20,0x73,0x69,0x67,0x6e,0x61,0x6c,0x20,0x77,0x69,
  0x6e,0x64,0x6f,0x77,0x43,0x6c,0x6f,0x73,0x69,0x6e,0x67,0x28,0x76,0x61,0x72,0x20,
  0x6f,0x72,0x69,0x67,0x69,0x6e,0x61,0x6c,0x52,0x65,0x63,0x74,0x61,0x6e,0x67,0x6c,
  0x65,0x2c,0x20,0x76,0x61,0x72,0x20,0x72,0x65,0x63,0x74,0x61,0x6e,0x67,0x6c,0x65,
  0x50,0x72,0x6f,0x70,0x65,0x72,0x74,0x69,0x65,0x73,0x29,0xd,0xa,0xd,0xa,0x20,
  0x20,0x20,0x20,0x52,0x65,0x63,0x74,0x61,0x6e,0x67,0x6c,0x65,0x20,0x7b,0xd,0xa,
  0x20,0x20,0x20,0x20,0x20,0x20,0x20,0x20,0x69,0x64,0x3a,0x20,0x63,0x6f,0x6e,0x74,
  0x65,0x6e,0x74,0x52,0x65,0x63,0x74,0x61,0x6e,0x67,0x6c,0x65,0xd,0xa,0x20,0x20,
  0x20,0x20,0x20,0x20,0x20,0x20,0x77,0x69,0x64,0x74,0x68,0x3a,0x20,0x70,0x61,0x72,
  0x65,0x6e,0x74,0x2e,0x77,0x69,0x64,0x74,0x68,0x20,0x20,0x2f,0x2f,0x20,0x4d,0x61,
  0x74,0x63,0x68,0x20,0x74,0x68,0x65,0x20,0x77,0x69,0x64,0x74,0x68,0x20,0x6f,0x66,
  0x20,0x74,0x68,0x65,0x20,0x70,0x61,0x72,0x65,0x6e,0x74,0x20,0x77,0x69,0x6e,0x64,
  0x6f,0x77,0xd,0xa,0x20,0x20,0x20,0x20,0x20,0x20,0x20,0x20,0x68,0x65,0x69,0x67,
  0x68,0x74,0x3a,0x20,0x70,0x61,0x72,0x65,0x6e,0x74,0x2e,0x68,0x65,0x69,0x67,0x68,
  0x74,0x20,0x20,0x2f,0x2f,0x20,0x4d,0x61,0x74,0x63,0x68,0x20,0x74,0x68,0x65,0x20,
  0x68,0x65,0x69,0x67,0x68,0x74,0x20,0x6f,0x66,0x20,0x74,0x68,0x65,0x20,0x70,0x61,
  0x72,0x65,0x6e,0x74,0x20,0x77,0x69,0x6e,0x64,0x6f,0x77,0xd,0xa,0x20,0x20,0x20,
  0x20,0x20,0x20,0x20,0x20,0x63,0x6f,0x6c,0x6f,0x72,0x3a,0x20,0x22,0x6c,0x69,0x67,
  0x68,0x74,0x67,0x72,0x61,0x79,0x22,0x20,0x20,0x2f,0x2f,0x20,0x42,0x61,0x63,0x6b,
  0x67,0x72,0x6f,0x75,0x6e,0x64,0x20,0x63,0x6f,0x6c,0x6f,0x72,0x20,0x6f,0x66,0x20,
  0x74,0x68,0x65,0x20,0x72,0x65,0x63,0x74,0x61,0x6e,0x67,0x6c,0x65,0xd,0xa,0x20,
  0x20,0x20,0x20,0x20,0x20,0x20,0x20,0x62,0x6f,0x72,0x64,0x65,0x72,0x2e,0x63,0x6f,
  0x6c,0x6f,0x72,0x3a,0x20,0x22,0x62,0x6c,0x61,0x63,0x6b,0x22,0x20,0x20,0x2f,0x2f,
  0x20,0x42,0x6f,0x72,0x64,0x65,0x72,0x20,0x63,0x6f,0x6c,0x6f,0x72,0x20,0x6f,0x66,
  0x20,0x74,0x68,0x65,0x20,0x72,0x65,0x63,0x74,0x61,0x6e,0x67,0x6c,0x65,0xd,0xa,
  0xd,0xa,0x20,0x20,0x20,0x20,0x20,0x20,0x20,0x20,0x43,0x6f,0x6d,0x70,0x6f,0x6e,
  0x65,0x6e,0x74,0x2e,0x6f,0x6e,0x43,0x6f,0x6d,0x70,0x6c,0x65,0x74,0x65,0x64,0x3a,
  0x20,0x7b,0xd,0xa,0x20,0x20,0x20,0x20,0x20,0x20,0x20,0x20,0x20,0x20,0x20,0x20,
  0x2f,0x2f,0x20,0x45,0x6e,0x73,0x75,0x72,0x65,0x20,0x74,0x68,0x61,0x74,0x20,0x61,
  0x20,0x72,0x65,0x63,0x74,0x61,0x6e,0x67,0x6c,0x65,0x20,0x68,0x61,0x73,0x20,0x62,
  0x65,0x65,0x6e,0x20,0x70,0x61,0x73,0x73,0x65,0x64,0x20,0x66,0x6f,0x72,0x20,0x72,
  0x65,0x2d,0x70,0x61,0x72,0x65,0x6e,0x74,0x69,0x6e,0x67,0xd,0xa,0x20,0x20,0x20,
  0x20,0x20,0x20,0x20,0x20,0x20,0x20,0x20,0x20,0x69,0x66,0x20,0x28,0x72,0x65,0x63,
  0x74,0x61,0x6e,0x67,0x6c,0x65,0x43,0x6f,0x6e,0x74,0x65,0x6e,0x74,0x20,0x21,0x3d,
  0x3d,0x20,0x6e,0x75,0x6c,0x6c,0x29,0x20,0x7b,0xd,0xa,0x20,0x20,0x20,0x20,0x20,
  0x20,0x20,0x20,0x20,0x20,0x20,0x20,0x20,0x20,0x20,0x20,0x63,0x6f,0x6e,0x73,0x6f,
  0x6c,0x65,0x2e,0x6c,0x6f,0x67,0x28,0x22,0x52,0x65,0x2d,0x70,0x61,0x72,0x65,0x6e,
  0x74,0x69,0x6e,0x67,0x20,0x74,0x68,0x65,0x20,0x64,0x72,0x61,0x67,0x67,0x65,0x64,
  0x20,0x72,0x65,0x63,0x74,0x61,0x6e,0x67,0x6c,0x65,0x20,0x61,0x6e,0x64,0x20,0x69,
  0x74,0x73,0x20,0x63,0x68,0x69,0x6c,0x64,0x72,0x65,0x6e,0x2e,0x2e,0x2e,0x22,0x29,
  0x3b,0xd,0xa,0xd,0xa,0x20,0x20,0x20,0x20,0x20,0x20,0x20,0x20,0x20,0x20,0x20,
  0x20,0x20,0x20,0x20,0x20,0x2f,0x2f,0x20,0x43,0x6f,0x70,0x79,0x20,0x70,0x72,0x6f,
  0x70,0x65,0x72,0x74,0x69,0x65,0x73,0x20,0x66,0x72,0x6f,0x6d,0x20,0x74,0x68,0x65,
  0x20,0x6f,0x72,0x69,0x67,0x69,0x6e,0x61,0x6c,0x20,0x72,0x65,0x63,0x74,0x61,0x6e,
  0x67,0x6c,0x65,0x20,0x74,0x6f,0x20,0x74,0x68,0x65,0x20,0x6e,0x65,0x77,0x20,0x6f,
  0x6e,0x65,0xd,0xa,0x20,0x20,0x20,0x20,0x20,0x20,0x20,0x20,0x20,0x20,0x20,0x20,
  0x20,0x20,0x20,0x20,0x63,0x6f,0x6e,0x74,0x65,0x6e,0x74,0x52,0x65,0x63,0x74,0x61,
  0x6e,0x67,0x6c,0x65,0x2e,0x63,0x6f,0x6c,0x6f,0x72,0x20,0x3d,0x20,0x72,0x65,0x63,
  0x74,0x61,0x6e,0x67,0x6c,0x65,0x43,0x6f,0x6e,0x74,0x65,0x6e,0x74,0x2e,0x63,0x6f,
  0x6c,0x6f,0x72,0x3b,0xd,0xa,0x20,0x20,0x20,0x20,0x20,0x20,0x20,0x20,0x20,0x20,
  0x20,0x20,0x20,0x20,0x20,0x20,0x63,0x6f,0x6e,0x74,0x65,0x6e,0x74,0x52,0x65,0x63,
  0x74,0x61,0x6e,0x67,0x6c,0x65,0x2e,0x62,0x6f,0x72,0x64,0x65,0x72,0x2e,0x63,0x6f,
  0x6c,0x6f,0x72,0x20,0x3d,0x20,0x72,0x65,0x63,0x74,0x61,0x6e,0x67,0x6c,0x65,0x43,
  0x6f,0x6e,0x74,0x65,0x6e,0x74,0x2e,0x62,0x6f,0x72,0x64,0x65,0x72,0x2e,0x63,0x6f,
  0x6c,0x6f,0x72,0x3b,0xd,0xa,0xd,0xa,0x20,0x20,0x20,0x20,0x20,0x20,0x20,0x20,
  0x20,0x20,0x20,0x20,0x20,0x20,0x20,0x20,0x2f,0x2f,0x20,0x52,0x65,0x2d,0x70,0x61,
  0x72,0x65,0x6e,0x74,0x20,0x61,0x6c,0x6c,0x20,0x63,0x68,0x69,0x6c,0x64,0x20,0x69,
  0x74,0x65,0x6d,0x73,0x20,0x6f,0x66,0x20,0x74,0x68,0x65,0x20,0x6f,0x72,0x69,0x67,
  0x69,0x6e,0x61,0x6c,0x20,0x72,0x65,0x63,0x74,0x61,0x6e,0x67,0x6c,0x65,0x20,0x74,
  0x6f,0x20,0x74,0x68,0x65,0x20,0x6e,0x65,0x77,0x20,0x6f,0x6e,0x65,0xd,0xa,0x20,
  0x20,0x20,0x20,0x20,0x20,0x20,0x20,0x20,0x20,0x20,0x20,0x20,0x20,0x20,0x20,0x66,
  0x6f,0x72,0x20,0x28,0x76,0x61,0x72,0x20,0x69,0x20,0x3d,0x20,0x30,0x3b,0x20,0x69,
  0x20,0x3c,0x20,0x72,0x65,0x63,0x74,0x61,0x6e,0x67,0x6c,0x65,0x43,0x6f,0x6e,0x74,
  0x65,0x6e,0x74,0x2e,0x63,0x68,0x69,0x6c,0x64,0x72,0x65,0x6e,0x2e,0x6c,0x65,0x6e,
  0x67,0x74,0x68,0x3b,0x20,0x69,0x2b,0x2b,0x29,0x20,0x7b,0xd,0xa,0x20,0x20,0x20,
  0x20,0x20,0x20,0x20,0x20,0x20,0x20,0x20,0x20,0x20,0x20,0x20,0x20,0x20,0x20,0x20,
  0x20,0x76,0x61,0x72,0x20,0x63,0x68,0x69,0x6c,0x64,0x20,0x3d,0x20,0x72,0x65,0x63,
  0x74,0x61,0x6e,0x67,0x6c,0x65,0x43,0x6f,0x6e,0x74,0x65,0x6e,0x74,0x2e,0x63,0x68,
  0x69,0x6c,0x64,0x72,0x65,0x6e,0x5b,0x69,0x5d,0x3b,0xd,0xa,0x20,0x20,0x20,0x20,
  0x20,0x20,0x20,0x20,0x20,0x20,0x20,0x20,0x20,0x20,0x20,0x20,0x20,0x20,0x20,0x20,
  0x63,0x68,0x69,0x6c,0x64,0x2e,0x70,0x61,0x72,0x65,0x6e,0x74,0x20,0x3d,0x20,0x63,
  0x6f,0x6e,0x74,0x65,0x6e,0x74,0x52,0x65,0x63,0x74,0x61,0x6e,0x67,0x6c,0x65,0x3b,
  0x20,0x20,0x2f,0x2f,0x20,0x41,0x73,0x73,0x69,0x67,0x6e,0x20,0x6e,0x65,0x77,0x20,
  0x70,0x61,0x72,0x65,0x6e,0x74,0xd,0xa,0x20,0x20,0x20,0x20,0x20,0x20,0x20,0x20,
  0x20,0x20,0x20,0x20,0x20,0x20,0x20,0x20,0x7d,0xd,0xa,0xd,0xa,0x20,0x20,0x20,
  0x20,0x20,0x20,0x20,0x20,0x20,0x20,0x20,0x20,0x20,0x20,0x20,0x20,0x2f,0x2f,0x20,
  0x4d,0x61,0x6b,0x65,0x20,0x74,0x68,0x65,0x20,0x6e,0x65,0x77,0x6c,0x79,0x20,0x74,
  0x72,0x61,0x6e,0x73,0x66,0x65,0x72,0x72,0x65,0x64,0x20,0x72,0x65,0x63,0x74,0x61,
  0x6e,0x67,0x6c,0x65,0x20,0x76,0x69,0x73,0x69,0x62,0x6c,0x65,0xd,0xa,0x20,0x20,
  0x20,0x20,0x20,0x20,0x20,0x20,0x20,0x20,0x20,0x20,0x20,0x20,0x20,0x20,0x72,0x65,
  0x63,0x74,0x61,0x6e,0x67,0x6c,0x65,0x43,0x6f,0x6e,0x74,0x65,0x6e,0x74,0x2e,0x76,
  0x69,0x73,0x69,0x62,0x6c,0x65,0x20,0x3d,0x20,0x74,0x72,0x75,0x65,0x3b,0xd,0xa,
  0x20,0x20,0x20,0x20,0x20,0x20,0x20,0x20,0x20,0x20,0x20,0x20,0x7d,0x20,0x65,0x6c,
  0x73,0x65,0x20,0x7b,0xd,0xa,0x20,0x20,0x20,0x20,0x20,0x20,0x20,0x20,0x20,0x20,
  0x20,0x20,0x20,0x20,0x20,0x20,0x63,0x6f,0x6e,0x73,0x6f,0x6c,0x65,0x2e,0x6c,0x6f,
  0x67,0x28,0x22,0x45,0x72,0x72,0x6f,0x72,0x3a,0x20,0x72,0x65,0x63,0x74,0x61,0x6e,
  0x67,0x6c,0x65,0x43,0x6f,0x6e,0x74,0x65,0x6e,0x74,0x20,0x69,0x73,0x20,0x6e,0x75,
  0x6c,0x6c,0x2e,0x22,0x29,0x3b,0xd,0xa,0x20,0x20,0x20,0x20,0x20,0x20,0x20,0x20,
  0x20,0x20,0x20,0x20,0x7d,0xd,0xa,0x20,0x20,0x20,0x20,0x20,0x20,0x20,0x20,0x7d,
  0xd,0xa,0xd,0xa,0x20,0x20,0x20,0x20,0x20,0x20,0x20,0x20,0x4d,0x6f,0x75,0x73,
  0x65,0x41,0x72,0x65,0x61,0x20,0x7b,0xd,0xa,0x20,0x20,0x20,0x20,0x20,0x20,0x20,
  0x20,0x20,0x20,0x20,0x20,0x69,0x64,0x3a,0x20,0x77,0x69,0x6e,0x64,0x6f,0x77,0x4d,
  0x6f,0x75,0x73,0x65,0x41,0x72,0x65,0x61,0xd,0xa,0x20,0x20,0x20,0x20,0x20,0x20,
  0x20,0x20,0x20,0x20,0x20,0x20,0x61,0x6e,0x63,0x68,0x6f,0x72,0x73,0x2e,0x66,0x69,
  0x6c,0x6c,0x3a,0x20,0x70,0x61,0x72,0x65,0x6e,0x74,0x20,0x20,0x2f,0x2f,0x20,0x46,
  0x69,0x6c,0x6c,0x20,0x74,0x68,0x65,0x20,0x65,0x6e,0x74,0x69,0x72,0x65,0x20,0x72,
  0x65,0x63,0x74,0x61,0x6e,0x67,0x6c,0x65,0x20,0x61,0x72,0x65,0x61,0x20,0x77,0x69,
  0x74,0x68,0x20,0x6d,0x6f,0x75,0x73,0x65,0x20,0x69,0x6e,0x74,0x65,0x72,0x61,0x63,
  0x74,0x69,0x6f,0x6e,0xd,0xa,0x20,0x20,0x20,0x20,0x20,0x20,0x20,0x20,0x20,0x20,
  0x20,0x20,0x64,0x72,0x61,0x67,0x2e,0x74,0x61,0x72,0x67,0x65,0x74,0x3a,0x20,0x63,
  0x6f,0x6e,0x74,0x65,0x6e,0x74,0x52,0x65,0x63,0x74,0x61,0x6e,0x67,0x6c,0x65,0x20,
  0x20,0x2f,0x2f,0x20,0x4d,0x61,0x6b,0x65,0x20,0x74,0x68,0x65,0x20,0x72,0x65,0x63,
  0x74,0x61,0x6e,0x67,0x6c,0x65,0x20,0x64,0x72,0x61,0x67,0x67,0x61,0x62,0x6c,0x65,
  0x20,0x77,0x69,0x74,0x68,0x69,0x6e,0x20,0x74,0x68,0x65,0x20,0x77,0x69,0x6e,0x64,
  0x6f,0x77,0xd,0xa,0x20,0x20,0x20,0x20,0x20,0x20,0x20,0x20,0x7d,0xd,0xa,0x20,
  0x20,0x20,0x20,0x7d,0xd,0xa,0xd,0xa,0x20,0x20,0x20,0x20,0x2f,0x2f,0x20,0x48,
  0x61,0x6e,0x64,0x6c,0x65,0x20,0x77,0x69,0x6e,0x64,0x6f,0x77,0x20,0x63,0x6c,0x6f,
  0x73,0x69,0x6e,0x67,0x20,0x65,0x76,0x65,0x6e,0x74,0xd,0xa,0x20,0x20,0x20,0x20,
  0x6f,0x6e,0x43,0x6c,0x6f,0x73,0x69,0x6e,0x67,0x3a,0x20,0x7b,0xd,0xa,0x20,0x20,
  0x20,0x20,0x20,0x20,0x20,0x20,0x2f,0x2f,0x20,0x47,0x61,0x74,0x68,0x65,0x72,0x20,
  0x72,0x65,0x63,0x74,0x61,0x6e,0x67,0x6c,0x65,0x20,0x70,0x72,0x6f,0x70,0x65,0x72,
  0x74,0x69,0x65,0x73,0x20,0x74,0x6f,0x20,0x70,0x61,0x73,0x73,0x20,0x62,0x61,0x63,
  0x6b,0x20,0x77,0x68,0x65,0x6e,0x20,0x74,0x68,0x65,0x20,0x77,0x69,0x6e,0x64,0x6f,
  0x77,0x20,0x63,0x6c,0x6f,0x73,0x65,0x73,0xd,0xa,0x20,0x20,0x20,0x20,0x20,0x20,
  0x20,0x20,0x76,0x61,0x72,0x20,0x72,0x65,0x63,0x74,0x61,0x6e,0x67,0x6c,0x65,0x50,
  0x72,0x6f,0x70,0x73,0x20,0x3d,0x20,0x7b,0xd,0xa,0x20,0x20,0x20,0x20,0x20,0x20,
  0x20,0x20,0x20,0x20,0x20,0x20,0x22,0x63,0x6f,0x6c,0x6f,0x72,0x22,0x3a,0x20,0x63,
  0x6f,0x6e,0x74,0x65,0x6e,0x74,0x52,0x65,0x63,0x74,0x61,0x6e,0x67,0x6c,0x65,0x2e,
  0x63,0x6f,0x6c,0x6f,0x72,0x2c,0xd,0xa,0x20,0x20,0x20,0x20,0x20,0x20,0x20,0x20,
  0x20,0x20,0x20,0x20,0x22,0x62,0x6f,0x72,0x64,0x65,0x72,0x43,0x6f,0x6c,0x6f,0x72,
  0x22,0x3a,0x20,0x63,0x6f,0x6e,0x74,0x65,0x6e,0x74,0x52,0x65,0x63,0x74,0x61,0x6e,
  0x67,0x6c,0x65,0x2e,0x62,0x6f,0x72,0x64,0x65,0x72,0x2e,0x63,0x6f,0x6c,0x6f,0x72,
  0x2c,0xd,0xa,0x20,0x20,0x20,0x20,0x20,0x20,0x20,0x20,0x20,0x20,0x20,0x20,0x22,
  0x77,0x69,0x64,0x74,0x68,0x22,0x3a,0x20,0x63,0x6f,0x6e,0x74,0x65,0x6e,0x74,0x52,
  0x65,0x63,0x74,0x61,0x6e,0x67,0x6c,0x65,0x2e,0x77,0x69,0x64,0x74,0x68,0x2c,0xd,
  0xa,0x20,0x20,0x20,0x20,0x20,0x20,0x20,0x20,0x20,0x20,0x20,0x20,0x22,0x68,0x65,
  0x69,0x67,0x68,0x74,0x22,0x3a,0x20,0x63,0x6f,0x6e,0x74,0x65,0x6e,0x74,0x52,0x65,
  0x63,0x74,0x61,0x6e,0x67,0x6c,0x65,0x2e,0x68,0x65,0x69,0x67,0x68,0x74,0xd,0xa,
  0x20,0x20,0x20,0x20,0x20,0x20,0x20,0x20,0x7d,0x3b,0xd,0xa,0xd,0xa,0x20,0x20,
  0x20,0x20,0x20,0x20,0x20,0x20,0x2f,0x2f,0x20,0x45,0x6d,0x69,0x74,0x20,0x74,0x68,
  0x65,0x20,0x77,0x69,0x6e,0x64,0x6f,0x77,0x43,0x6c,0x6f,0x73,0x69,0x6e,0x67,0x20,
  0x73,0x69,0x67,0x6e,0x61,0x6c,0x20,0x74,0x6f,0x20,0x72,0x65,0x2d,0x64,0x6f,0x63,
  0x6b,0x20,0x74,0x68,0x65,0x20,0x72,0x65,0x63,0x74,0x61,0x6e,0x67,0x6c,0x65,0x20,
  0x77,0x69,0x74,0x68,0x20,0x69,0x74,0x73,0x20,0x70,0x72,0x6f,0x70,0x65,0x72,0x74,
  0x69,0x65,0x73,0xd,0xa,0x20,0x20,0x20,0x20,0x20,0x20,0x20,0x20,0x77,0x69,0x6e,
  0x64,0x6f,0x77,0x43,0x6c,0x6f,0x73,0x69,0x6e,0x67,0x28,0x72,0x65,0x63,0x74,0x61,
  0x6e,0x67,0x6c,0x65,0x43,0x6f,0x6e,0x74,0x65,0x6e,0x74,0x2c,0x20,0x72,0x65,0x63,
  0x74,0x61,0x6e,0x67,0x6c,0x65,0x50,0x72,0x6f,0x70,0x73,0x29,0x3b,0xd,0xa,0x20,
  0x20,0x20,0x20,0x7d,0xd,0xa,0x7d,0xd,0xa,
    // D:/WriterBoard/main.qml
  0x0,0x0,0xd,0x55,
  0x0,
  0x0,0x75,0xcc,0x78,0xda,0xed,0x1d,0xdb,0x72,0xdb,0xb6,0xf2,0xbd,0x33,0xfd,0x7,
  0x8c,0xce,0xc3,0xb1,0xe7,0x38,0x8a,0x25,0x27,0xbd,0x28,0x93,0x7,0xc7,0x6d,0x9a,
  0xcc,0xc4,0x49,0x1b,0x67,0x9a,0x73,0x9e,0x32,0x10,0x9,0x49,0x68,0x48,0x82,0x5,
  0x29,0xdb,0x6a,0xc7,0xff,0x7e,0xb0,0xb8,0x90,0xa0,0xc4,0xb,0x48,0xd1,0xb6,0x5c,
  0x8b,0x9e,0x49,0x4c,0x5c,0x16,0xc0,0xde,0xb0,0xbb,0xc0,0xd2,0x34,0x8c,0x19,0x4f,
  0xd1,0x6f,0xe9,0x6f,0x4b,0xea,0x7d,0x45,0xe3,0xe1,0xe8,0xf9,0xb7,0xdf,0xd0,0x42,
  0xe1,0xf0,0x8c,0x45,0x29,0x67,0x41,0x52,0x5f,0x3b,0x3c,0xc7,0x29,0xe1,0x14,0x7,
  0xe5,0xcd,0xde,0xe1,0x15,0x5b,0xa6,0x9,0x1a,0xc9,0xca,0x6f,0xbf,0x39,0x8d,0xe3,
  0x80,0x7a,0x38,0xa5,0x2c,0xfa,0x4c,0x23,0x9f,0x5d,0xa1,0xbf,0xbf,0xfd,0x6,0x89,
  0xe7,0x92,0x26,0x74,0x1a,0x90,0x9,0x4a,0xf9,0x92,0xa8,0xa2,0x2b,0xea,0xa7,0x8b,
  0x9,0xba,0xf0,0x38,0x21,0xd1,0x50,0xbe,0x21,0xf4,0xf4,0x29,0xba,0x20,0x29,0x4a,
  0x17,0x44,0xd5,0x23,0x36,0xd3,0x2f,0x12,0x5a,0xca,0xe4,0x5b,0x22,0xfb,0xfc,0x3b,
  0x51,0x6d,0x14,0xb8,0x5,0xa1,0xf3,0x45,0x9a,0xc1,0x53,0xaf,0x5,0x80,0xba,0xa8,
  0x1e,0xa2,0x6a,0x4,0x6b,0x1,0xa0,0xa2,0xf7,0x4f,0x64,0x46,0x23,0x82,0x3c,0x16,
  0x30,0x8e,0x62,0xce,0x62,0xc2,0x53,0x4a,0x12,0xe4,0x53,0x4e,0xbc,0x34,0x58,0x21,
  0x1a,0x49,0x8,0x9b,0x4b,0x9f,0x89,0xe,0x4,0x27,0x2b,0xc4,0xc9,0x32,0xd1,0x8b,
  0xd6,0x0,0x56,0x1a,0xde,0x9c,0x93,0xd5,0x8f,0xc7,0xc7,0x13,0x34,0xf8,0xd7,0xb3,
  0x63,0xf8,0x19,0xa8,0x31,0x31,0xff,0x2a,0xeb,0x54,0xb3,0xca,0xae,0x3f,0xa8,0xae,
  0xcf,0xbf,0x87,0x1f,0xd5,0xf5,0x9c,0xf8,0x74,0x19,0xba,0x74,0x1e,0xa9,0xce,0xb3,
  0x31,0xfc,0xa8,0xce,0xef,0x24,0x82,0x1a,0xfa,0x4e,0x83,0x25,0xd1,0x7d,0xc7,0xcf,
  0x7e,0x18,0xbd,0xfa,0x4e,0xf5,0x7d,0x25,0x8a,0x4d,0x2f,0xd5,0xcf,0xb0,0xce,0x50,
  0xa0,0x27,0x14,0xa4,0xcf,0xde,0xe5,0xf2,0x6c,0xca,0x64,0x4c,0x26,0x5b,0x2,0x4d,
  0x7c,0x68,0x12,0x32,0x9f,0x18,0x60,0xef,0x68,0x92,0x9e,0x8b,0xf7,0xc0,0x70,0x14,
  0x3c,0xd4,0x9f,0x20,0xa0,0x2,0x8e,0xe6,0x1,0x51,0xb5,0x0,0xf6,0xe7,0x30,0x16,
  0xb3,0xd,0xe5,0x3b,0x10,0x21,0x66,0x89,0xe4,0x3e,0x34,0x5b,0xa6,0x4b,0x4e,0x50,
  0x46,0x8d,0x1b,0x8b,0xce,0x67,0x2c,0x58,0x86,0x91,0x62,0x68,0x84,0x39,0x17,0x30,
  0x5,0x95,0xbd,0x5,0xd,0x7c,0x44,0x53,0x12,0x26,0xe8,0x12,0x28,0xef,0xe1,0x20,
  0x58,0xa9,0x4e,0x85,0x1e,0xd6,0xac,0x70,0xe4,0x2d,0x18,0x4f,0x86,0x33,0x1a,0x4,
  0x13,0x14,0x63,0x4e,0x22,0xc5,0x88,0xaf,0x45,0x81,0x5c,0xaf,0x28,0x10,0xdc,0x63,
  0x58,0xf0,0x8a,0xa,0x3e,0x87,0xe2,0x40,0x82,0xca,0x1,0x25,0x31,0xf6,0x68,0x34,
  0x9f,0xa0,0x63,0xd9,0xfd,0x3d,0x33,0x25,0x68,0x4a,0xd2,0x2b,0xc1,0xaf,0xb2,0x97,
  0x35,0x45,0xb3,0x1c,0xbd,0xa4,0x4f,0x2c,0x46,0x11,0xbe,0xa4,0x73,0xc9,0x95,0x68,
  0x8a,0x79,0x5e,0xfd,0xd1,0xa0,0xcd,0x9e,0xb9,0xc1,0x69,0xca,0xe2,0x2f,0xa2,0xe3,
  0x17,0x4f,0x68,0x1,0x2c,0xb8,0x9f,0x17,0x9b,0x48,0x2a,0x4f,0xc,0x23,0x64,0x94,
  0x9c,0x62,0xef,0xeb,0x9c,0xb3,0x65,0xe4,0x6b,0x4e,0x11,0x74,0x84,0x36,0xc5,0xce,
  0xa,0x5f,0x12,0x39,0x9f,0x95,0x6,0x0,0x95,0x50,0x81,0x1f,0x4b,0x3,0xac,0x23,
  0xc7,0x82,0x15,0x73,0x32,0x23,0x9c,0x13,0xff,0x8d,0xd6,0x1,0x27,0xcf,0x6b,0x4,
  0xbf,0xa,0x23,0xf0,0x4c,0x19,0xf7,0x9,0x1f,0xea,0x5,0xe,0xa6,0x81,0x58,0xd2,
  0x20,0x5f,0xa0,0xac,0xb5,0x17,0x27,0xaa,0x6d,0x9c,0x6b,0xbc,0xbf,0x8d,0x12,0xea,
  0x93,0x92,0xc1,0x8e,0x90,0xaf,0xb4,0x9,0x2e,0x32,0xf,0x30,0x29,0xe,0xe8,0x3c,
  0xa,0xc5,0xca,0x8b,0xe0,0xaa,0x98,0xcc,0x9d,0xd9,0x74,0x59,0x26,0x27,0x9b,0x30,
  0xdc,0xf8,0x6c,0x83,0xc3,0x6a,0x39,0x4d,0xa8,0x45,0xc1,0x37,0x28,0x11,0xa3,0x8a,
  0x92,0xcd,0x4e,0x95,0xfc,0x57,0xc2,0x87,0x1b,0x64,0x5a,0x63,0x44,0xad,0xa,0xb,
  0x34,0x2f,0x63,0x46,0x68,0x57,0xe,0xc8,0x85,0x29,0xad,0xbd,0xa6,0xa2,0x7b,0x1d,
  0x1f,0x16,0xf7,0x95,0x12,0x14,0x9e,0x9,0x22,0x11,0xd1,0x17,0xa5,0xe4,0x5a,0xb0,
  0x5a,0xc0,0xc4,0xc6,0x4d,0xab,0x18,0xa9,0x1c,0x4a,0x23,0x4e,0xd7,0x70,0xf6,0xa3,
  0xc6,0x59,0xbe,0xdd,0xe4,0x58,0xab,0x6,0xa0,0xf7,0xed,0xef,0x8f,0xab,0x9b,0x98,
  0xbd,0xf8,0xa4,0xa6,0x8d,0x61,0x5c,0xf1,0xf,0xfd,0xb,0xf4,0x4c,0xa0,0x30,0x60,
  0x98,0x78,0xa3,0xc2,0xc2,0x12,0xca,0xeb,0x82,0x55,0xf3,0x10,0x82,0x8d,0x32,0xa8,
  0xe2,0x77,0x9,0xe8,0x14,0xc4,0x4d,0xee,0xfe,0x2c,0xae,0x86,0xc0,0xb1,0xd8,0x4d,
  0x93,0x9,0x1a,0xcb,0x3e,0x1f,0x1,0x31,0x4,0x18,0x8a,0xb,0xde,0x4e,0xaa,0x88,
  0x9,0xcf,0x27,0x20,0x62,0xd,0x15,0xe0,0x1,0x42,0x4f,0xd0,0x9f,0xc9,0x27,0x7e,
  0x30,0xb8,0x48,0x19,0x5f,0xa1,0xf7,0x38,0x24,0x83,0x43,0x45,0x13,0x9a,0xc4,0x42,
  0xe5,0x21,0xbb,0x46,0xf6,0xa8,0x87,0x69,0x34,0xd7,0xd5,0x42,0x88,0xab,0xd2,0x5c,
  0x9f,0xe1,0x57,0xc5,0x55,0xd6,0xa6,0x7e,0x8f,0x64,0xb1,0x87,0x31,0x7b,0xea,0xda,
  0x20,0xc5,0x62,0x7b,0x88,0xf5,0x4d,0xb8,0xec,0xb9,0x29,0xaf,0xba,0xa9,0x91,0xbe,
  0x8f,0xec,0x4a,0xeb,0x58,0xc1,0x12,0x7a,0xf7,0xd7,0xdb,0xfe,0xc1,0x74,0x99,0xa6,
  0x2c,0x4a,0xe,0xb,0xcb,0x43,0x4c,0x69,0xc5,0x80,0xcc,0x52,0x4,0x52,0x5a,0x21,
  0x92,0x19,0xdc,0xbf,0x9b,0xf9,0x14,0x60,0x65,0x28,0x90,0x80,0x8b,0x9c,0x6a,0x86,
  0xd3,0x1b,0x99,0x6a,0xd8,0xc,0xd6,0x1d,0xc7,0xbf,0x67,0xc8,0x45,0x9e,0x56,0x47,
  0xd5,0xe0,0xb3,0x5d,0x63,0x94,0x6b,0xde,0xf5,0x7d,0xa3,0x72,0xcf,0xb0,0x50,0xff,
  0x4e,0x2c,0xe9,0x89,0xd4,0x73,0xa,0xd1,0xe8,0x40,0x1a,0x44,0x58,0xf4,0xe,0xf1,
  0x9c,0x1c,0x56,0x77,0x76,0xd2,0x77,0x96,0xca,0xfa,0xee,0xb8,0xbe,0x99,0x51,0x5b,
  0xcf,0x8e,0xdd,0x84,0x2c,0x15,0x6c,0x92,0x28,0x6c,0x2a,0x51,0xfb,0x94,0x17,0x14,
  0x54,0x69,0x3d,0xb8,0xb7,0xb0,0xcc,0xa6,0x25,0x48,0x8c,0xb3,0x25,0xf7,0x84,0x21,
  0x3d,0xf8,0x93,0x7b,0x93,0xa7,0x54,0x58,0x67,0xc9,0xd3,0x80,0xcd,0x19,0x7a,0x62,
  0x8f,0x3c,0x4c,0x2e,0xe7,0xda,0x9c,0x87,0x3a,0x89,0x44,0xdd,0xb5,0x79,0x8,0xc3,
  0x33,0x8a,0xfc,0x6f,0xa3,0x82,0x49,0xa1,0x39,0x45,0x1a,0x3,0x12,0xaa,0xb5,0x3f,
  0xd5,0x98,0x17,0x4e,0x32,0x68,0x9e,0x73,0x26,0xac,0xf3,0x53,0x4e,0xb0,0xb,0x42,
  0x2a,0x8d,0x9f,0x73,0xfc,0x55,0x4d,0xeb,0x6a,0xc1,0x2,0x6b,0x72,0xc8,0x13,0x3e,
  0xda,0x57,0x3c,0xd,0x1c,0x50,0xc1,0xa2,0x33,0x68,0x4c,0x84,0x1d,0xe2,0x30,0x15,
  0xc5,0x17,0x51,0x22,0x86,0x1b,0xa,0x9a,0x1c,0xc,0x80,0xad,0xd1,0x2b,0xc5,0xd1,
  0x27,0x6a,0x5c,0xe2,0x6b,0xe5,0x2e,0x8,0xa3,0x4c,0x77,0x28,0x45,0xe4,0xb2,0x56,
  0x8c,0x1b,0xb4,0x9a,0x43,0xf5,0x4d,0x83,0x4,0x5e,0x10,0x81,0x3a,0x9c,0x82,0x6f,
  0xa7,0xe5,0x56,0xab,0xbc,0x1e,0x44,0xaf,0x57,0x99,0x4a,0xcc,0x44,0x9d,0xc4,0xfd,
  0x44,0xe9,0xa5,0xcf,0xb6,0x17,0xe1,0x8,0x61,0x2b,0x91,0x14,0x63,0xc8,0x21,0x72,
  0x41,0xcc,0x11,0x7c,0x8b,0xd2,0x78,0x6b,0xec,0x21,0x2c,0xe0,0x4c,0x37,0xbb,0xed,
  0x7a,0x5d,0x94,0xf3,0xc9,0x6e,0x2a,0x67,0x17,0x43,0xce,0x99,0x54,0x0,0xab,0xbd,
  0xce,0xcc,0x6d,0xc5,0x1,0x90,0x62,0xb0,0x41,0x94,0x0,0x4f,0x49,0xd0,0xc,0x63,
  0x6b,0xdb,0xf0,0xae,0x95,0xb7,0xe,0x3,0xdc,0xb7,0xf6,0x1e,0xed,0xb6,0xf6,0x3e,
  0xf5,0x7d,0xa,0x7e,0x21,0xe,0x8c,0xda,0x46,0x7,0x3f,0x8b,0xa2,0x23,0xf4,0x3b,
  0x25,0x57,0x47,0xe8,0xd,0x9,0xe2,0xc3,0xdb,0x10,0x5c,0xf0,0xd0,0x2f,0xc5,0x10,
  0xa,0x4d,0x8f,0x59,0xc8,0x9d,0xe5,0x17,0xe8,0xa2,0x6d,0x33,0x90,0x59,0x19,0xf8,
  0x1,0xb2,0xe8,0x8a,0xa9,0x3,0x26,0x1f,0x88,0x24,0xdf,0xa9,0x84,0x8e,0x77,0x58,
  0x42,0x77,0x69,0x1f,0xdc,0x19,0x39,0x0,0xcd,0x54,0x2a,0x7,0xaa,0x62,0x2f,0x7,
  0xb5,0xf,0x28,0xdd,0x73,0x12,0x2d,0x87,0x31,0x8b,0x97,0xf1,0x81,0xe2,0xf9,0xf,
  0xb1,0x8e,0xd3,0x42,0x2d,0xa,0x45,0x35,0xe8,0x7c,0x29,0x1,0x7b,0xde,0xdf,0x25,
  0xde,0x87,0xfd,0xb8,0x94,0xf7,0x55,0xc5,0x9e,0xf7,0x1f,0xaa,0x8f,0xdd,0x3a,0xe6,
  0x8,0xcc,0x6c,0x47,0xbe,0x84,0xe1,0x76,0xb1,0x10,0x98,0x3b,0x42,0xe7,0x34,0xa2,
  0x21,0xfd,0x4b,0xfc,0xf6,0x91,0x24,0xf2,0xff,0xb3,0x80,0x25,0x55,0xb1,0xb0,0x56,
  0x41,0x46,0xae,0x44,0x48,0xc7,0x8a,0x78,0x76,0x4a,0x5e,0x8,0x33,0xaa,0xe2,0x7a,
  0x3b,0xb1,0xa7,0xf0,0x62,0x7d,0x64,0x2,0xd0,0x61,0xdc,0x9c,0x42,0x58,0x50,0xfc,
  0xe2,0x37,0xc4,0xc3,0x5b,0x19,0xb2,0x9,0x8c,0xe4,0xa6,0x7d,0x4e,0xdc,0xb4,0x8f,
  0x7d,0x3c,0x2a,0xf,0xc7,0x5d,0xe,0x57,0x2c,0x65,0xf8,0x43,0x49,0xf8,0xc2,0xc6,
  0x47,0x3d,0x10,0x73,0x72,0xf1,0xbc,0xed,0xc9,0x45,0xab,0xf0,0x47,0x86,0xb9,0x2f,
  0x34,0x9c,0x77,0x8b,0x96,0xbc,0x66,0xfc,0xa,0x73,0xdf,0xa,0x96,0xc8,0x35,0x42,
  0x65,0xc7,0x68,0x9,0xf8,0x38,0xe7,0x98,0xcf,0x69,0x64,0x96,0xaf,0xde,0xd0,0x8c,
  0xb3,0x30,0xf3,0x82,0xdc,0xe1,0xdd,0x52,0xfc,0xbc,0x63,0xf4,0x7f,0x4b,0xa5,0xee,
  0xba,0xcd,0xe5,0x94,0x6d,0x3e,0x74,0xda,0x5c,0x45,0xc6,0x13,0x9b,0xa,0x6,0xc6,
  0x2f,0x68,0x19,0xcd,0xda,0xe,0x31,0xac,0x7a,0x22,0xcb,0xcd,0x20,0x94,0x45,0x77,
  0xb0,0x7b,0xde,0x3,0x83,0xb4,0x3b,0x92,0x7b,0x63,0x1f,0x56,0xb9,0xf,0x66,0x1f,
  0x4a,0x4a,0x2a,0x9a,0xed,0x54,0xda,0x2a,0xcd,0xbc,0xb0,0x8f,0x11,0x3d,0xb6,0x8,
  0xbf,0xd4,0x14,0x3a,0xe4,0x7d,0x9b,0xe6,0x7b,0xf,0xfe,0xc3,0x3e,0xac,0x6f,0xf1,
  0xc4,0xa6,0x8d,0x9,0x26,0x95,0xb4,0x33,0x7b,0xe4,0xe,0x4d,0x99,0x67,0x8e,0x9e,
  0xdd,0xf8,0x16,0x3c,0xbb,0xad,0xa8,0x2e,0xb0,0xb4,0x4c,0x72,0x92,0x1b,0xa4,0x49,
  0xfb,0x64,0x67,0x76,0x8,0x8d,0xe4,0x91,0xda,0x8,0xd5,0x7a,0x6b,0xae,0x2b,0x95,
  0x21,0xbe,0xd0,0xd7,0x5c,0x56,0x7a,0x44,0xee,0xe3,0xe8,0x1f,0x14,0x42,0x74,0x15,
  0xb6,0x93,0x5d,0x13,0x36,0x2e,0x15,0x51,0x2e,0x6d,0x4a,0x31,0xed,0xa8,0xac,0xb5,
  0x91,0xad,0x7d,0x34,0x7e,0x2f,0x4a,0x77,0x2b,0x4a,0x72,0x1f,0xcf,0x25,0x49,0x6d,
  0xeb,0x7b,0x41,0xda,0x87,0x34,0x6f,0x35,0xa4,0x9,0xa7,0x12,0x59,0x40,0x1b,0xce,
  0x72,0x6a,0x63,0x55,0xb2,0x75,0xd,0x92,0xcc,0x1,0x33,0xb4,0xab,0x6e,0x5,0xb5,
  0x6f,0x53,0x12,0xba,0x5d,0xb7,0x1d,0xbc,0x67,0x3e,0x41,0xbf,0x70,0x1c,0x2f,0xcc,
  0x45,0xa,0x9e,0xa4,0x88,0xc5,0xf2,0x6a,0xb5,0xce,0xe5,0x9,0x6b,0x7,0x54,0x54,
  0xfe,0xc4,0xe9,0x7c,0xe,0x9c,0x3e,0x29,0x12,0xf0,0x83,0x82,0x34,0x12,0x3e,0x51,
  0x20,0x94,0x4d,0x81,0x78,0x57,0xb,0x12,0x19,0x9a,0xb6,0xc6,0x7b,0x87,0xb5,0x7e,
  0x10,0xb2,0xa,0x8,0x24,0xdc,0x38,0x2c,0x62,0xaa,0xbe,0x5e,0xec,0x96,0xb,0x1c,
  0xef,0xc4,0x2,0xd5,0x5c,0x4e,0xf4,0xe1,0xff,0x82,0xf2,0x9e,0x56,0x77,0xd2,0xfb,
  0xea,0x4a,0x8a,0xd7,0x8a,0xac,0x57,0x29,0x63,0x4f,0xfb,0x78,0xec,0x84,0xa0,0x29,
  0x13,0xb2,0x18,0x22,0x9d,0xd5,0xc3,0xed,0xb4,0x1e,0x88,0x51,0x17,0x6a,0x85,0x66,
  0xbf,0x5a,0x50,0x6f,0x81,0x16,0x2c,0xf0,0x13,0x25,0x15,0xa2,0x58,0x56,0x17,0xf4,
  0x4e,0x6d,0x22,0x91,0x1a,0xb1,0x21,0x8f,0xa8,0x7b,0xfa,0x86,0x73,0xda,0x46,0xdd,
  0x95,0xe9,0xaa,0xe4,0xd,0x13,0x5c,0x53,0xc9,0x43,0x4f,0x36,0x93,0x39,0x10,0x27,
  0x1,0x4e,0xe9,0x25,0x31,0xf1,0x4c,0xed,0xc5,0x87,0xe0,0x32,0x42,0x73,0xa3,0x8,
  0x21,0xe7,0x40,0x26,0x6d,0x94,0xe4,0xa,0xe5,0x67,0x37,0x32,0x9,0x48,0xde,0x3c,
  0x87,0x1b,0xd4,0x76,0xe2,0x99,0x3a,0x22,0x5a,0x95,0x9c,0xc7,0xd4,0x9e,0xfc,0x34,
  0xa7,0x6,0xad,0x93,0x47,0xe0,0x3a,0x8c,0x3,0x92,0x92,0xb2,0xdb,0xf5,0xe5,0x59,
  0x42,0x24,0x8b,0x28,0x55,0xe4,0xa1,0x59,0x6b,0x95,0x7b,0x5b,0x53,0x22,0x8b,0x53,
  0x62,0x10,0x44,0x7f,0xbb,0x64,0x6,0xf5,0x91,0x15,0xe4,0x96,0x2,0xa4,0x3b,0x3c,
  0x3f,0xae,0xce,0x69,0xd,0x5c,0xd0,0xb1,0x36,0xf,0xc3,0x9c,0x9b,0x7c,0x5e,0x4c,
  0x72,0x33,0x8c,0x5e,0x9d,0x6e,0xb4,0x91,0x7f,0x96,0xb1,0x9e,0x34,0x20,0x61,0x2b,
  0xc4,0x59,0xb6,0x5,0x4a,0x52,0x5c,0x75,0x8f,0xa0,0x29,0x43,0xcd,0x95,0x7f,0xe4,
  0xb0,0xdb,0x26,0xf3,0x68,0x69,0x73,0xc2,0x82,0xc6,0xc4,0x1b,0x16,0x36,0x1f,0xa9,
  0x39,0xfb,0xd,0xf5,0x7c,0xf0,0x9a,0x5e,0x13,0x5f,0x73,0x81,0xd1,0xe,0xcd,0x46,
  0x79,0x1e,0x37,0x55,0x13,0x56,0x94,0x36,0xfd,0x9d,0xe6,0x5f,0xe5,0x83,0xd4,0x5e,
  0x9a,0xeb,0xc5,0x39,0xb9,0xa3,0x84,0xa2,0x6e,0x8e,0x4b,0x8b,0xa4,0xa2,0x3a,0x67,
  0xb,0x48,0xf0,0x5,0x7e,0xcd,0x1d,0x2e,0x49,0x95,0x66,0xd2,0x36,0x7a,0x2c,0x60,
  0x54,0x67,0x4e,0xb,0x90,0x5c,0x19,0xff,0xbe,0x50,0xd2,0x5e,0xb3,0x9d,0xf3,0xcf,
  0x39,0x6c,0xa9,0x9,0xd3,0xed,0xcc,0x19,0x4b,0xa0,0x48,0x82,0x20,0x13,0xfd,0x61,
  0x68,0x94,0xe7,0xa5,0x1a,0xa5,0xab,0x32,0xb9,0x2f,0x8d,0xd1,0xb3,0x66,0xe8,0xa6,
  0x3,0x8a,0xe4,0xb7,0xf,0x89,0x4c,0x39,0x7c,0x90,0xa0,0xf,0x95,0xb0,0xfb,0x41,
  0xc,0xa9,0xfc,0x76,0x56,0x50,0x4f,0x7d,0x1f,0xbd,0xbf,0x1b,0x11,0x75,0x95,0xc2,
  0xbd,0xac,0xb5,0x92,0x35,0x43,0xc1,0x5c,0xca,0x32,0x9a,0x3e,0xa,0xf9,0x12,0xee,
  0x44,0x2a,0x4c,0xe9,0x64,0x5b,0x19,0xb3,0x4,0x2,0xa3,0x88,0x5c,0xc1,0x6,0xcf,
  0x57,0x60,0x48,0x17,0xbf,0xaa,0xe2,0x6,0xa9,0xd8,0x67,0x88,0xe3,0x98,0x44,0xfe,
  0xc1,0xdf,0x82,0x6f,0xc9,0x75,0x3a,0x10,0x14,0xd4,0x7b,0xf8,0x0,0xfd,0x7,0x1d,
  0xac,0x35,0xf6,0x84,0xc5,0x99,0x8a,0xf2,0xd1,0x21,0xba,0x39,0x7c,0x71,0x9f,0xda,
  0xe1,0x3d,0x4b,0xc9,0x94,0xb1,0xaf,0x7b,0xed,0xf0,0x50,0xb5,0x83,0xa1,0x60,0xae,
  0x1d,0x32,0x9a,0x3e,0xa,0xed,0xf0,0x2b,0x67,0x33,0x1a,0xec,0xf0,0x6,0x7c,0xb6,
  0xc0,0x1c,0x7b,0x82,0xbe,0xc9,0x5e,0xc8,0x1e,0xaa,0x90,0xe5,0x34,0xb4,0xe,0x19,
  0x73,0xba,0x3e,0xa,0x41,0x83,0xef,0x2b,0x2c,0xd3,0x7b,0x95,0x33,0xf7,0x93,0x86,
  0xd2,0x88,0xac,0x4c,0x41,0xb0,0x42,0xfe,0xe0,0x1,0xfa,0xab,0x8,0x87,0xd4,0xdb,
  0x8c,0xf4,0xb7,0x8a,0xd0,0xca,0xbb,0xbd,0x55,0x81,0xff,0x75,0xa9,0xa,0xa0,0xf1,
  0x9c,0xe3,0xd5,0xc6,0x67,0xe8,0x9a,0xc2,0x51,0x2e,0x27,0x0,0x9c,0xc0,0xc9,0x5,
  0x44,0x36,0x9b,0x3f,0xe1,0xd4,0x25,0xc6,0xda,0x42,0x1d,0x69,0x1,0x54,0xee,0xfa,
  0x13,0xe3,0x7e,0x9f,0xfa,0x7f,0x2c,0x93,0x54,0x3b,0xf1,0xea,0xf4,0xa0,0x32,0x3e,
  0xec,0xf0,0x5,0x9b,0xb5,0x83,0x4,0x45,0xc6,0x42,0xde,0x79,0x91,0xea,0x3d,0x24,
  0x95,0x54,0x1f,0x31,0x38,0xf1,0x41,0x75,0x78,0xb8,0xed,0xc7,0x64,0x2e,0xe2,0x80,
  0xa6,0xf2,0xe0,0x19,0xb0,0x20,0xef,0x13,0x41,0x78,0x4a,0x4c,0x2d,0x22,0x35,0xc1,
  0xe5,0xbc,0x9b,0xcb,0x65,0x57,0x68,0xdc,0xa8,0x38,0x5d,0x3f,0xcc,0xd6,0x70,0x50,
  0xc9,0xa9,0x68,0x23,0xe9,0x3f,0x41,0xbf,0xa5,0xc3,0xfc,0x56,0xf7,0xda,0x25,0x6f,
  0xbb,0xa5,0x5c,0x3b,0x50,0xfb,0xc9,0x74,0xa5,0xf2,0x8b,0xf4,0xf2,0x1b,0x43,0x8d,
  0xea,0x30,0x3c,0x8f,0xef,0x41,0xbf,0xfa,0x4e,0xce,0x1b,0x74,0xa6,0x18,0x4c,0x87,
  0x91,0xf3,0x15,0x91,0x82,0xd4,0x3c,0xd5,0x1f,0xe3,0x7a,0x83,0x83,0x59,0xfe,0x2d,
  0xcf,0x56,0x77,0x1d,0x8b,0x27,0x7b,0x72,0xdd,0x4b,0x41,0x13,0x97,0x5b,0x8f,0xb6,
  0xd6,0x2,0x5,0x35,0x28,0x4f,0xef,0x69,0x6,0x22,0x8f,0x60,0x36,0x24,0x73,0x56,
  0xc4,0x7f,0x33,0x18,0xd7,0xc3,0x97,0x32,0xce,0xac,0xbb,0x7e,0x5c,0xa9,0xfc,0xcb,
  0x1e,0xd7,0x9c,0x92,0xb5,0xc3,0xfb,0x4f,0xb,0x2a,0xc,0x85,0xc4,0x62,0xa1,0xd1,
  0xa0,0x55,0xae,0x41,0x19,0x51,0xb6,0x4a,0xe8,0x70,0xd8,0x8e,0xcd,0xa3,0x7d,0xd9,
  0xf6,0xab,0x96,0x16,0x7,0x3a,0xd7,0x73,0xd4,0x60,0xda,0xad,0xd5,0x32,0x5b,0xa,
  0xf6,0xc8,0x82,0x4,0x1,0x43,0x96,0x1d,0xa2,0x13,0xe7,0x1c,0x93,0x80,0x1d,0x57,
  0x7f,0xe3,0xc8,0xde,0x3f,0x71,0x3c,0x97,0x5f,0x82,0x94,0xda,0x48,0xea,0x4c,0xd0,
  0xe6,0x70,0xc9,0xdc,0x27,0x29,0xf6,0x16,0xf0,0x96,0xb1,0x7a,0xd2,0xc,0xb3,0x95,
  0xaa,0x31,0xea,0xc6,0x17,0xb3,0x78,0x85,0xf9,0xc8,0xad,0x47,0x99,0xc2,0xc9,0xf4,
  0x83,0xa3,0x96,0xb1,0x35,0xcd,0xb8,0x34,0xbe,0xee,0x6b,0xcc,0xb8,0x9a,0x9c,0x5,
  0x23,0x89,0x14,0x8c,0xa4,0x69,0x9b,0xc4,0xc2,0xdb,0x3d,0x4a,0xed,0x6c,0xbb,0xaf,
  0x93,0xb,0xfa,0x8d,0xdc,0xbb,0x39,0x1f,0x5b,0x19,0xb4,0xe7,0xa7,0x56,0x8a,0x19,
  0x45,0xf1,0xdc,0xed,0xc,0xcb,0x3c,0xd0,0x65,0x98,0x62,0x3e,0x27,0x82,0xc6,0x91,
  0xe0,0x8d,0x96,0x5d,0xf1,0x35,0x4d,0x26,0x52,0x40,0x86,0xff,0x3d,0x8d,0xfc,0xff,
  0x9d,0x8a,0x77,0xf5,0xe5,0xe2,0x48,0x4e,0x4b,0x4e,0x49,0x1e,0xc5,0x47,0x70,0x47,
  0x63,0xa1,0x3f,0x36,0x4d,0xe5,0x1,0x79,0x1b,0x3d,0xf1,0x91,0x4,0x4,0x27,0x2d,
  0xfc,0x1b,0x7b,0x7b,0x12,0x64,0x48,0x89,0xe,0xc,0xea,0x4f,0x15,0x3,0xbe,0x62,
  0x9c,0x24,0xd6,0x2e,0xae,0x7c,0x6,0x3d,0xe1,0x76,0x83,0x5c,0xa,0x5a,0x8,0xe0,
  0xfa,0x73,0xd9,0x2f,0xc1,0xbe,0xf1,0xe4,0xa0,0x67,0x2c,0x8c,0x59,0x24,0xc8,0x76,
  0x30,0x0,0x24,0xa9,0x6,0xc3,0x3f,0xc3,0x60,0x70,0xa8,0x5b,0x7c,0x98,0xfe,0x21,
  0x66,0x90,0x47,0x11,0x47,0x47,0x6d,0x57,0x8,0xcf,0xe0,0x7a,0x60,0x1b,0x24,0xc3,
  0xeb,0xa3,0xe,0x30,0x56,0x45,0x18,0xab,0x2e,0x30,0xa4,0x6a,0x29,0xc2,0x91,0x45,
  0x5d,0x60,0x29,0xdd,0x53,0x4,0xa6,0xca,0xba,0x40,0xcb,0x80,0x68,0x6b,0xa5,0x0,
  0x57,0xf2,0xc9,0xaf,0xc0,0xf,0xf2,0x5a,0x6a,0x1b,0x9b,0x21,0xdb,0x4d,0x20,0xda,
  0xdb,0xae,0xb,0x9d,0xa1,0x3,0x8b,0x6d,0x5e,0xbe,0x94,0x22,0x78,0xd8,0x85,0x1,
  0xa,0xdb,0xe7,0x6b,0x4c,0x3,0xf8,0xfe,0x2e,0x43,0xde,0x26,0xeb,0xf,0x7,0x2e,
  0x61,0xe9,0xc2,0xca,0x10,0x9,0x12,0xb2,0xf5,0xac,0x2e,0x96,0x9e,0x47,0x92,0x64,
  0xb6,0x94,0xb7,0xab,0xe5,0xc4,0x7c,0xf5,0x45,0xe0,0x2d,0xe6,0x6,0x4f,0x86,0xc2,
  0xa1,0xfe,0x38,0xbf,0x90,0x40,0x70,0x79,0x5b,0xd3,0xc3,0xec,0xf7,0x72,0x53,0xb7,
  0xb9,0x3,0xb4,0x5,0xb9,0x8e,0xe1,0xbf,0xac,0x74,0xdc,0x1e,0xb6,0xc5,0xc7,0x5a,
  0xbb,0x2b,0x8a,0xbf,0xd8,0x2,0xd4,0x58,0x6f,0xee,0x2f,0xb,0x7b,0x7d,0xd7,0xa5,
  0x7f,0x24,0x4f,0x7c,0xf8,0x5e,0x73,0xee,0x38,0xc9,0xab,0xa2,0x5a,0x69,0x7a,0x70,
  0xf7,0x3e,0xd9,0x86,0x40,0xa,0x10,0xdc,0xe1,0x17,0x3a,0x76,0x28,0xd8,0x23,0x2,
  0xe5,0x37,0x5b,0x46,0x72,0x4f,0x38,0x10,0xae,0x9f,0x50,0xbe,0x38,0xc8,0xc,0xa4,
  0xa3,0x7c,0x26,0xbf,0x72,0x16,0x27,0x9d,0x64,0x43,0xbb,0x9f,0x45,0xc8,0x39,0x5,
  0x8c,0x17,0xfc,0xa2,0x1b,0x64,0x95,0xdd,0x93,0xb2,0xc2,0x75,0x92,0xfc,0xcf,0x2b,
  0xf4,0x35,0x5d,0x75,0xcb,0xef,0xe5,0x1a,0x3e,0x54,0xf1,0x8b,0xbe,0x6,0xb1,0xbf,
  0x1a,0xbf,0x39,0x96,0xaa,0x3d,0xeb,0x75,0x44,0xc3,0xbc,0x6b,0x43,0x19,0x26,0xee,
  0x67,0x10,0xed,0x1f,0x6f,0x8c,0xa2,0xca,0x3b,0xe,0xd3,0x20,0x81,0xe0,0xde,0xbf,
  0x28,0x70,0x87,0x2c,0xee,0xc0,0xf,0x37,0xad,0xf5,0xb5,0x7b,0xf3,0x9b,0x3e,0x9d,
  0xa9,0xad,0x7c,0xad,0xfc,0x52,0xff,0xdd,0x4,0x6d,0xc6,0xff,0x9c,0xa0,0xcd,0x2f,
  0xeb,0xf1,0xe5,0x66,0x20,0x6d,0x2,0x1d,0xae,0x49,0xde,0xee,0xae,0x7f,0x65,0xd8,
  0x64,0xdc,0x2d,0x6c,0xd2,0x4b,0xc8,0xe4,0x41,0x46,0x3,0xc6,0x9d,0xa3,0x1,0x6d,
  0xdd,0xff,0x1e,0x5c,0x7c,0xe7,0x3f,0xcc,0xf0,0xc0,0x5c,0xfc,0xf1,0xa3,0x73,0xf1,
  0xef,0xd7,0x77,0x57,0x7,0x22,0xdd,0xcc,0xf0,0x1e,0x3d,0xf5,0x71,0xf,0x9e,0xfa,
  0xb8,0x7,0x4f,0x7d,0xdc,0x93,0xa7,0x3e,0xee,0xd3,0x53,0x1f,0xdf,0x92,0xa7,0x3e,
  0xde,0x3b,0xe5,0x7b,0xa7,0x5c,0x32,0x42,0xa9,0x53,0x3e,0xda,0xca,0x93,0xee,0xcd,
  0x29,0x1f,0xed,0x9d,0xf2,0xbd,0x53,0xbe,0x77,0xca,0xef,0xd1,0x29,0x1f,0xed,0x9d,
  0x72,0x74,0x67,0x37,0xb2,0x2a,0x5e,0x6f,0xb2,0xbf,0x4d,0x29,0x7d,0xab,0xff,0x3,
  0xa3,0x38,0xe9,0xa0,
    // D:/WriterBoard/icons/resize.svg
  0x0,0x0,0x1,0x3,
  0x3c,
  0x73,0x76,0x67,0x20,0x77,0x69,0x64,0x74,0x68,0x3d,0x22,0x32,0x34,0x22,0x20,0x68,
  0x65,0x69,0x67,0x68,0x74,0x3d,0x22,0x32,0x34,0x22,0x20,0x76,0x69,0x65,0x77,0x42,
  0x6f,0x78,0x3d,0x22,0x30,0x20,0x30,0x20,0x32,0x34,0x20,0x32,0x34,0x22,0x20,0x66,
  0x69,0x6c,0x6c,0x3d,0x22,0x6e,0x6f,0x6e,0x65,0x22,0x20,0x78,0x6d,0x6c,0x6e,0x73,
  0x3d,0x22,0x68,0x74,0x74,0x70,0x3a,0x2f,0x2f,0x77,0x77,0x77,0x2e,0x77,0x33,0x2e,
  0x6f,0x72,0x67,0x2f,0x32,0x30,0x30,0x30,0x2f,0x73,0x76,0x67,0x22,0x3e,0xa,0x3c,
  0x67,0x20,0x69,0x64,0x3d,0x22,0x69,0x63,0x6f,0x6e,0x5f,0x6c,0x69,0x6e,0x65,0x2f,
  0x4d,0x69,0x6e,0x75,0x73,0x22,0x3e,0xa,0x3c,0x72,0x65,0x63,0x74,0x20,0x69,0x64,
  0x3d,0x22,0x52,0x65,0x63,0x74,0x61,0x6e,0x67,0x6c,0x65,0x20,0x31,0x35,0x22,0x20,
  0x78,0x3d,0x22,0x34,0x22,0x20,0x79,0x3d,0x22,0x36,0x22,0x20,0x77,0x69,0x64,0x74,
  0x68,0x3d,0x22,0x31,0x36,0x22,0x20,0x68,0x65,0x69,0x67,0x68,0x74,0x3d,0x22,0x31,
  0x32,0x22,0x20,0x72,0x78,0x3d,0x22,0x32,0x22,0x20,0x73,0x74,0x72,0x6f,0x6b,0x65,
  0x3d,0x22,0x23,0x45,0x44,0x45,0x44,0x45,0x44,0x22,0x20,0x73,0x74,0x72,0x6f,0x6b,
  0x65,0x2d,0x77,0x69,0x64,0x74,0x68,0x3d,0x22,0x32,0x22,0x20,0x73,0x74,0x72,0x6f,
  0x6b,0x65,0x2d,0x6c,0x69,0x6e,0x65,0x6a,0x6f,0x69,0x6e,0x3d,0x22,0x72,0x6f,0x75,
  0x6e,0x64,0x22,0x2f,0x3e,0xa,0x3c,0x2f,0x67,0x3e,0xa,0x3c,0x2f,0x73,0x76,0x67,
  0x3e,0xa,
    // D:/WriterBoard/icons/Notes Minimalistic.svg
  0x0,0x0,0xe,0x10,
  0x3c,
  0x73,0x76,0x67,0x20,0x77,0x69,0x64,0x74,0x68,0x3d,0x22,0x32,0x34,0x22,0x20,0x68,
  0x65,0x69,0x67,0x68,0x74,0x3d,0x22,0x32,0x34,0x22,0x20,0x76,0x69,0x65,0x77,0x42,
  0x6f,0x78,0x3d,0x22,0x30,0x20,0x30,0x20,0x32,0x34,0x20,0x32,0x34,0x22,0x20,0x66,
  0x69,0x6c,0x6c,0x3d,0x22,0x6e,0x6f,0x6e,0x65,0x22,0x20,0x78,0x6d,0x6c,0x6e,0x73,
  0x3d,0x22,0x68,0x74,0x74,0x70,0x3a,0x2f,0x2f,0x77,0x77,0x77,0x2e,0x77,0x33,0x2e,
  0x6f,0x72,0x67,0x2f,0x32,0x30,0x30,0x30,0x2f,0x73,0x76,0x67,0x22,0x3e,0xa,0x3c,
  0x67,0x20,0x69,0x64,0x3d,0x22,0x4f,0x75,0x74,0x6c,0x69,0x6e,0x65,0x20,0x2f,0x20,
  0x4e,0x6f,0x74,0x65,0x73,0x20,0x2f,0x20,0x4e,0x6f,0x74,0x65,0x73,0x20,0x4d,0x69,
  0x6e,0x69,0x6d,0x61,0x6c,0x69,0x73,0x74,0x69,0x63,0x22,0x3e,0xa,0x3c,0x70,0x61,
  0x74,0x68,0x20,0x69,0x64,0x3d,0x22,0x56,0x65,0x63,0x74,0x6f,0x72,0x22,0x20,0x66,
  0x69,0x6c,0x6c,0x2d,0x72,0x75,0x6c,0x65,0x3d,0x22,0x65,0x76,0x65,0x6e,0x6f,0x64,
  0x64,0x22,0x20,0x63,0x6c,0x69,0x70,0x2d,0x72,0x75,0x6c,0x65,0x3d,0x22,0x65,0x76,
  0x65,0x6e,0x6f,0x64,0x64,0x22,0x20,0x64,0x3d,0x22,0x4d,0x31,0x35,0x2e,0x30,0x35,
  0x35,0x38,0x20,0x35,0x2e,0x35,0x30,0x32,0x32,0x34,0x4c,0x31,0x35,0x2e,0x31,0x20,
  0x35,0x2e,0x35,0x31,0x33,0x38,0x35,0x43,0x31,0x35,0x2e,0x38,0x33,0x20,0x35,0x2e,
  0x37,0x30,0x35,0x36,0x38,0x20,0x31,0x36,0x2e,0x34,0x30,0x38,0x35,0x20,0x35,0x2e,
  0x38,0x35,0x37,0x37,0x20,0x31,0x36,0x2e,0x38,0x36,0x33,0x35,0x20,0x36,0x2e,0x30,
  0x31,0x38,0x39,0x43,0x31,0x37,0x2e,0x33,0x32,0x38,0x39,0x20,0x36,0x2e,0x31,0x38,
  0x33,0x38,0x20,0x31,0x37,0x2e,0x37,0x30,0x38,0x35,0x20,0x36,0x2e,0x33,0x37,0x32,
  0x34,0x33,0x20,0x31,0x38,0x2e,0x30,0x32,0x31,0x31,0x20,0x36,0x2e,0x36,0x35,0x39,
  0x36,0x34,0x43,0x31,0x38,0x2e,0x34,0x37,0x36,0x34,0x20,0x37,0x2e,0x30,0x37,0x37,
  0x38,0x37,0x20,0x31,0x38,0x2e,0x37,0x39,0x35,0x31,0x20,0x37,0x2e,0x36,0x31,0x39,
  0x31,0x32,0x20,0x31,0x38,0x2e,0x39,0x33,0x36,0x37,0x20,0x38,0x2e,0x32,0x31,0x34,
  0x39,0x34,0x43,0x31,0x39,0x2e,0x30,0x33,0x34,0x20,0x38,0x2e,0x36,0x32,0x34,0x31,
  0x32,0x20,0x31,0x39,0x2e,0x30,0x31,0x30,0x38,0x20,0x39,0x2e,0x30,0x34,0x30,0x38,
  0x20,0x31,0x38,0x2e,0x39,0x32,0x33,0x37,0x20,0x39,0x2e,0x35,0x31,0x38,0x35,0x37,
  0x43,0x31,0x38,0x2e,0x38,0x33,0x38,0x35,0x20,0x39,0x2e,0x39,0x38,0x35,0x36,0x35,
  0x20,0x31,0x38,0x2e,0x36,0x38,0x33,0x35,0x20,0x31,0x30,0x2e,0x35,0x35,0x33,0x20,
  0x31,0x38,0x2e,0x34,0x38,0x37,0x39,0x20,0x31,0x31,0x2e,0x32,0x36,0x39,0x4c,0x31,
  0x38,0x2e,0x31,0x33,0x32,0x33,0x20,0x31,0x32,0x2e,0x35,0x37,0x30,0x34,0x43,0x31,
  0x37,0x2e,0x39,0x33,0x36,0x37,0x20,0x31,0x33,0x2e,0x32,0x38,0x36,0x33,0x20,0x31,
  0x37,0x2e,0x37,0x38,0x31,0x37,0x20,0x31,0x33,0x2e,0x38,0x35,0x33,0x36,0x20,0x31,
  0x37,0x2e,0x36,0x31,0x37,0x34,0x20,0x31,0x34,0x2e,0x32,0x39,0x39,0x39,0x43,0x31,
  0x37,0x2e,0x34,0x34,0x39,0x32,0x20,0x31,0x34,0x2e,0x37,0x35,0x36,0x34,0x20,0x31,
  0x37,0x2e,0x32,0x35,0x36,0x39,0x20,0x31,0x35,0x2e,0x31,0x32,0x38,0x36,0x20,0x31,
  0x36,0x2e,0x39,0x36,0x34,0x31,0x20,0x31,0x35,0x2e,0x34,0x33,0x35,0x32,0x43,0x31,
  0x36,0x2e,0x35,0x35,0x31,0x32,0x20,0x31,0x35,0x2e,0x38,0x36,0x37,0x36,0x20,0x31,
  0x36,0x2e,0x30,0x32,0x30,0x37,0x20,0x31,0x36,0x2e,0x31,0x37,0x34,0x33,0x20,0x31,
  0x35,0x2e,0x34,0x33,0x36,0x20,0x31,0x36,0x2e,0x33,0x31,0x39,0x34,0x43,0x31,0x35,
  0x2e,0x32,0x36,0x35,0x32,0x20,0x31,0x36,0x2e,0x37,0x30,0x33,0x35,0x20,0x31,0x35,
  0x2e,0x30,0x31,0x35,0x38,0x20,0x31,0x37,0x2e,0x30,0x35,0x31,0x33,0x20,0x31,0x34,
  0x2e,0x37,0x30,0x31,0x20,0x31,0x37,0x2e,0x33,0x34,0x30,0x34,0x43,0x31,0x34,0x2e,
  0x33,0x38,0x38,0x34,0x20,0x31,0x37,0x2e,0x36,0x32,0x37,0x36,0x20,0x31,0x34,0x2e,
  0x30,0x30,0x38,0x38,0x20,0x31,0x37,0x2e,0x38,0x31,0x36,0x32,0x20,0x31,0x33,0x2e,
  0x35,0x34,0x33,0x34,0x20,0x31,0x37,0x2e,0x39,0x38,0x31,0x31,0x43,0x31,0x33,0x2e,
  0x30,0x38,0x38,0x34,0x20,0x31,0x38,0x2e,0x31,0x34,0x32,0x33,0x20,0x31,0x32,0x2e,
  0x35,0x30,0x39,0x39,0x20,0x31,0x38,0x2e,0x32,0x39,0x34,0x33,0x20,0x31,0x31,0x2e,
  0x37,0x37,0x39,0x39,0x20,0x31,0x38,0x2e,0x34,0x38,0x36,0x31,0x4c,0x31,0x31,0x2e,
  0x37,0x33,0x35,0x38,0x20,0x31,0x38,0x2e,0x34,0x39,0x37,0x37,0x43,0x31,0x31,0x2e,
  0x30,0x30,0x35,0x38,0x20,0x31,0x38,0x2e,0x36,0x38,0x39,0x36,0x20,0x31,0x30,0x2e,
  0x34,0x32,0x37,0x33,0x20,0x31,0x38,0x2e,0x38,0x34,0x31,0x36,0x20,0x39,0x2e,0x39,
  0x35,0x30,0x39,0x39,0x20,0x31,0x38,0x2e,0x39,0x32,0x35,0x31,0x43,0x39,0x2e,0x34,
  0x36,0x33,0x38,0x35,0x20,0x31,0x39,0x2e,0x30,0x31,0x30,0x36,0x20,0x39,0x2e,0x30,
  0x33,0x38,0x39,0x39,0x20,0x31,0x39,0x2e,0x30,0x33,0x33,0x33,0x20,0x38,0x2e,0x36,
  0x32,0x31,0x37,0x38,0x20,0x31,0x38,0x2e,0x39,0x33,0x37,0x39,0x43,0x38,0x2e,0x30,
  0x31,0x34,0x32,0x36,0x20,0x31,0x38,0x2e,0x37,0x39,0x39,0x20,0x37,0x2e,0x34,0x36,
  0x32,0x33,0x38,0x20,0x31,0x38,0x2e,0x34,0x38,0x36,0x35,0x20,0x37,0x2e,0x30,0x33,
  0x35,0x39,0x35,0x20,0x31,0x38,0x2e,0x30,0x34,0x43,0x36,0x2e,0x37,0x34,0x33,0x30,
  0x39,0x20,0x31,0x37,0x2e,0x37,0x33,0x33,0x33,0x20,0x36,0x2e,0x35,0x35,0x30,0x37,
  0x36,0x20,0x31,0x37,0x2e,0x33,0x36,0x31,0x31,0x20,0x36,0x2e,0x33,0x38,0x32,0x36,
  0x33,0x20,0x31,0x36,0x2e,0x39,0x30,0x34,0x36,0x43,0x36,0x2e,0x32,0x31,0x38,0x32,
  0x36,0x20,0x31,0x36,0x2e,0x34,0x35,0x38,0x34,0x20,0x36,0x2e,0x30,0x36,0x33,0x32,
  0x35,0x20,0x31,0x35,0x2e,0x38,0x39,0x31,0x20,0x35,0x2e,0x38,0x36,0x37,0x36,0x35,
  0x20,0x31,0x35,0x2e,0x31,0x37,0x35,0x4c,0x35,0x2e,0x35,0x31,0x32,0x31,0x20,0x31,
  0x33,0x2e,0x38,0x37,0x33,0x37,0x43,0x35,0x2e,0x33,0x31,0x36,0x35,0x20,0x31,0x33,
  0x2e,0x31,0x35,0x37,0x37,0x20,0x35,0x2e,0x31,0x36,0x31,0x34,0x39,0x20,0x31,0x32,
  0x2e,0x35,0x39,0x30,0x34,0x20,0x35,0x2e,0x30,0x37,0x36,0x33,0x33,0x20,0x31,0x32,
  0x2e,0x31,0x32,0x33,0x33,0x43,0x34,0x2e,0x39,0x38,0x39,0x32,0x32,0x20,0x31,0x31,
  0x2e,0x36,0x34,0x35,0x35,0x20,0x34,0x2e,0x39,0x36,0x36,0x30,0x31,0x20,0x31,0x31,
  0x2e,0x32,0x32,0x38,0x38,0x20,0x35,0x2e,0x30,0x36,0x33,0x32,0x39,0x20,0x31,0x30,
  0x2e,0x38,0x31,0x39,0x37,0x43,0x35,0x2e,0x32,0x30,0x34,0x39,0x34,0x20,0x31,0x30,
  0x2e,0x32,0x32,0x33,0x38,0x20,0x35,0x2e,0x35,0x32,0x33,0x35,0x37,0x20,0x39,0x2e,
  0x36,0x38,0x32,0x36,0x20,0x35,0x2e,0x39,0x37,0x38,0x38,0x37,0x20,0x39,0x2e,0x32,
  0x36,0x34,0x33,0x37,0x43,0x36,0x2e,0x32,0x39,0x31,0x35,0x35,0x20,0x38,0x2e,0x39,
  0x37,0x37,0x31,0x36,0x20,0x36,0x2e,0x36,0x37,0x31,0x30,0x39,0x20,0x38,0x2e,0x37,
  0x38,0x38,0x35,0x33,0x20,0x37,0x2e,0x31,0x33,0x36,0x35,0x32,0x20,0x38,0x2e,0x36,
  0x32,0x33,0x36,0x33,0x43,0x37,0x2e,0x35,0x39,0x31,0x35,0x34,0x20,0x38,0x2e,0x34,
  0x36,0x32,0x34,0x33,0x20,0x38,0x2e,0x31,0x37,0x30,0x30,0x34,0x20,0x38,0x2e,0x33,
  0x31,0x30,0x34,0x31,0x20,0x38,0x2e,0x39,0x30,0x30,0x30,0x34,0x20,0x38,0x2e,0x31,
  0x31,0x38,0x35,0x37,0x4c,0x38,0x2e,0x39,0x32,0x32,0x31,0x31,0x20,0x38,0x2e,0x31,
  0x31,0x32,0x37,0x37,0x43,0x39,0x2e,0x30,0x39,0x37,0x37,0x32,0x20,0x38,0x2e,0x30,
  0x36,0x36,0x36,0x33,0x20,0x39,0x2e,0x32,0x36,0x33,0x38,0x38,0x20,0x38,0x2e,0x30,
  0x32,0x33,0x30,0x34,0x20,0x39,0x2e,0x34,0x32,0x31,0x31,0x39,0x20,0x37,0x2e,0x39,
  0x38,0x32,0x32,0x37,0x43,0x39,0x2e,0x36,0x38,0x31,0x32,0x32,0x20,0x37,0x2e,0x30,
  0x37,0x31,0x31,0x32,0x20,0x39,0x2e,0x39,0x31,0x30,0x30,0x35,0x20,0x36,0x2e,0x34,
  0x32,0x37,0x30,0x32,0x20,0x31,0x30,0x2e,0x33,0x35,0x36,0x20,0x35,0x2e,0x39,0x36,
  0x30,0x30,0x32,0x43,0x31,0x30,0x2e,0x37,0x38,0x32,0x35,0x20,0x35,0x2e,0x35,0x31,
  0x33,0x34,0x39,0x20,0x31,0x31,0x2e,0x33,0x33,0x34,0x33,0x20,0x35,0x2e,0x32,0x30,
  0x31,0x20,0x31,0x31,0x2e,0x39,0x34,0x31,0x39,0x20,0x35,0x2e,0x30,0x36,0x32,0x30,
  0x37,0x43,0x31,0x32,0x2e,0x33,0x35,0x39,0x31,0x20,0x34,0x2e,0x39,0x36,0x36,0x36,
  0x36,0x20,0x31,0x32,0x2e,0x37,0x38,0x33,0x39,0x20,0x34,0x2e,0x39,0x38,0x39,0x34,
  0x32,0x20,0x31,0x33,0x2e,0x32,0x37,0x31,0x31,0x20,0x35,0x2e,0x30,0x37,0x34,0x38,
  0x36,0x43,0x31,0x33,0x2e,0x37,0x34,0x37,0x33,0x20,0x35,0x2e,0x31,0x35,0x38,0x33,
  0x38,0x20,0x31,0x34,0x2e,0x33,0x32,0x35,0x38,0x20,0x35,0x2e,0x33,0x31,0x30,0x34,
  0x20,0x31,0x35,0x2e,0x30,0x35,0x35,0x38,0x20,0x35,0x2e,0x35,0x30,0x32,0x32,0x34,
  0x5a,0x4d,0x39,0x2e,0x31,0x32,0x30,0x32,0x33,0x20,0x39,0x2e,0x30,0x37,0x32,0x30,
  0x32,0x43,0x38,0x2e,0x33,0x39,0x34,0x35,0x34,0x20,0x39,0x2e,0x32,0x36,0x32,0x37,
  0x37,0x20,0x37,0x2e,0x38,0x37,0x34,0x35,0x36,0x20,0x39,0x2e,0x34,0x30,0x30,0x37,
  0x39,0x20,0x37,0x2e,0x34,0x37,0x34,0x39,0x32,0x20,0x39,0x2e,0x35,0x34,0x32,0x33,
  0x37,0x43,0x37,0x2e,0x30,0x37,0x30,0x32,0x36,0x20,0x39,0x2e,0x36,0x38,0x35,0x37,
  0x34,0x20,0x36,0x2e,0x38,0x33,0x32,0x36,0x36,0x20,0x39,0x2e,0x38,0x31,0x38,0x35,
  0x31,0x20,0x36,0x2e,0x36,0x35,0x39,0x37,0x34,0x20,0x39,0x2e,0x39,0x37,0x37,0x33,
  0x34,0x43,0x36,0x2e,0x33,0x34,0x38,0x32,0x32,0x20,0x31,0x30,0x2e,0x32,0x36,0x33,
  0x35,0x20,0x36,0x2e,0x31,0x33,0x30,0x32,0x32,0x20,0x31,0x30,0x2e,0x36,0x33,0x33,
  0x38,0x20,0x36,0x2e,0x30,0x33,0x33,0x32,0x39,0x20,0x31,0x31,0x2e,0x30,0x34,0x31,
  0x35,0x43,0x35,0x2e,0x39,0x37,0x39,0x35,0x20,0x31,0x31,0x2e,0x32,0x36,0x37,0x38,
  0x20,0x35,0x2e,0x39,0x38,0x31,0x30,0x36,0x20,0x31,0x31,0x2e,0x35,0x33,0x36,0x20,
  0x36,0x2e,0x30,0x35,0x36,0x38,0x20,0x31,0x31,0x2e,0x39,0x35,0x31,0x33,0x43,0x36,
  0x2e,0x31,0x33,0x33,0x36,0x33,0x20,0x31,0x32,0x2e,0x33,0x37,0x32,0x37,0x20,0x36,
  0x2e,0x32,0x37,0x37,0x32,0x37,0x20,0x31,0x32,0x2e,0x39,0x30,0x30,0x31,0x20,0x36,
  0x2e,0x34,0x38,0x30,0x31,0x20,0x31,0x33,0x2e,0x36,0x34,0x32,0x35,0x4c,0x36,0x2e,
  0x38,0x32,0x33,0x38,0x32,0x20,0x31,0x34,0x2e,0x39,0x30,0x30,0x36,0x43,0x37,0x2e,
  0x30,0x32,0x36,0x36,0x36,0x20,0x31,0x35,0x2e,0x36,0x34,0x33,0x20,0x37,0x2e,0x31,
  0x37,0x31,0x31,0x31,0x20,0x31,0x36,0x2e,0x31,0x37,0x30,0x31,0x20,0x37,0x2e,0x33,
  0x31,0x39,0x34,0x20,0x31,0x36,0x2e,0x35,0x37,0x32,0x37,0x43,0x37,0x2e,0x34,0x36,
  0x35,0x35,0x38,0x20,0x31,0x36,0x2e,0x39,0x36,0x39,0x36,0x20,0x37,0x2e,0x36,0x30,
  0x30,0x39,0x36,0x20,0x31,0x37,0x2e,0x32,0x30,0x32,0x36,0x20,0x37,0x2e,0x37,0x36,
  0x32,0x39,0x31,0x20,0x31,0x37,0x2e,0x33,0x37,0x32,0x32,0x43,0x38,0x2e,0x30,0x35,
  0x34,0x36,0x38,0x20,0x31,0x37,0x2e,0x36,0x37,0x37,0x37,0x20,0x38,0x2e,0x34,0x33,
  0x32,0x32,0x38,0x20,0x31,0x37,0x2e,0x38,0x39,0x31,0x35,0x20,0x38,0x2e,0x38,0x34,
  0x37,0x39,0x35,0x20,0x31,0x37,0x2e,0x39,0x38,0x36,0x36,0x43,0x39,0x2e,0x30,0x37,
  0x38,0x36,0x37,0x20,0x31,0x38,0x2e,0x30,0x33,0x39,0x34,0x20,0x39,0x2e,0x33,0x35,
  0x32,0x31,0x33,0x20,0x31,0x38,0x2e,0x30,0x33,0x37,0x38,0x20,0x39,0x2e,0x37,0x37,
  0x35,0x36,0x37,0x20,0x31,0x37,0x2e,0x39,0x36,0x33,0x35,0x43,0x31,0x30,0x2e,0x32,
  0x30,0x35,0x33,0x20,0x31,0x37,0x2e,0x38,0x38,0x38,0x32,0x20,0x31,0x30,0x2e,0x37,
  0x34,0x33,0x20,0x31,0x37,0x2e,0x37,0x34,0x37,0x33,0x20,0x31,0x31,0x2e,0x35,0x20,
  0x31,0x37,0x2e,0x35,0x34,0x38,0x34,0x43,0x31,0x32,0x2e,0x32,0x35,0x37,0x20,0x31,
  0x37,0x2e,0x33,0x34,0x39,0x35,0x20,0x31,0x32,0x2e,0x37,0x39,0x34,0x35,0x20,0x31,
  0x37,0x2e,0x32,0x30,0x37,0x38,0x20,0x31,0x33,0x2e,0x32,0x30,0x35,0x20,0x31,0x37,
  0x2e,0x30,0x36,0x32,0x34,0x43,0x31,0x33,0x2e,0x36,0x30,0x39,0x37,0x20,0x31,0x36,
  0x2e,0x39,0x31,0x39,0x20,0x31,0x33,0x2e,0x38,0x34,0x37,0x33,0x20,0x31,0x36,0x2e,
  0x37,0x38,0x36,0x32,0x20,0x31,0x34,0x2e,0x30,0x32,0x30,0x32,0x20,0x31,0x36,0x2e,
  0x36,0x32,0x37,0x34,0x43,0x31,0x34,0x2e,0x31,0x31,0x31,0x35,0x20,0x31,0x36,0x2e,
  0x35,0x34,0x33,0x35,0x20,0x31,0x34,0x2e,0x31,0x39,0x34,0x38,0x20,0x31,0x36,0x2e,
  0x34,0x35,0x32,0x33,0x20,0x31,0x34,0x2e,0x32,0x36,0x39,0x34,0x20,0x31,0x36,0x2e,
  0x33,0x35,0x35,0x32,0x43,0x31,0x34,0x2e,0x31,0x35,0x30,0x35,0x20,0x31,0x36,0x2e,
  0x33,0x33,0x38,0x38,0x20,0x31,0x34,0x2e,0x30,0x32,0x38,0x32,0x20,0x31,0x36,0x2e,
  0x33,0x31,0x37,0x38,0x20,0x31,0x33,0x2e,0x39,0x30,0x31,0x36,0x20,0x31,0x36,0x2e,
  0x32,0x39,0x33,0x31,0x43,0x31,0x33,0x2e,0x34,0x35,0x35,0x35,0x20,0x31,0x36,0x2e,
  0x32,0x30,0x36,0x31,0x20,0x31,0x32,0x2e,0x39,0x31,0x39,0x36,0x20,0x31,0x36,0x2e,
  0x30,0x36,0x35,0x33,0x20,0x31,0x32,0x2e,0x32,0x35,0x38,0x32,0x20,0x31,0x35,0x2e,
  0x38,0x39,0x31,0x34,0x4c,0x31,0x32,0x2e,0x32,0x32,0x30,0x31,0x20,0x31,0x35,0x2e,
  0x38,0x38,0x31,0x34,0x43,0x31,0x31,0x2e,0x34,0x39,0x30,0x31,0x20,0x31,0x35,0x2e,
  0x36,0x38,0x39,0x36,0x20,0x31,0x30,0x2e,0x39,0x31,0x31,0x36,0x20,0x31,0x35,0x2e,
  0x35,0x33,0x37,0x36,0x20,0x31,0x30,0x2e,0x34,0x35,0x36,0x36,0x20,0x31,0x35,0x2e,
  0x33,0x37,0x36,0x34,0x43,0x39,0x2e,0x39,0x39,0x31,0x31,0x37,0x20,0x31,0x35,0x2e,
  0x32,0x31,0x31,0x35,0x20,0x39,0x2e,0x36,0x31,0x31,0x36,0x33,0x20,0x31,0x35,0x2e,
  0x30,0x32,0x32,0x38,0x20,0x39,0x2e,0x32,0x39,0x38,0x39,0x35,0x20,0x31,0x34,0x2e,
  0x37,0x33,0x35,0x36,0x43,0x38,0x2e,0x38,0x34,0x33,0x36,0x35,0x20,0x31,0x34,0x2e,
  0x33,0x31,0x37,0x34,0x20,0x38,0x2e,0x35,0x32,0x35,0x30,0x33,0x20,0x31,0x33,0x2e,
  0x37,0x37,0x36,0x32,0x20,0x38,0x2e,0x33,0x38,0x33,0x33,0x37,0x20,0x31,0x33,0x2e,
  0x31,0x38,0x30,0x33,0x43,0x38,0x2e,0x32,0x38,0x36,0x30,0x39,0x20,0x31,0x32,0x2e,
  0x37,0x37,0x31,0x31,0x20,0x38,0x2e,0x33,0x30,0x39,0x33,0x20,0x31,0x32,0x2e,0x33,
  0x35,0x34,0x35,0x20,0x38,0x2e,0x33,0x39,0x36,0x34,0x31,0x20,0x31,0x31,0x2e,0x38,
  0x37,0x36,0x37,0x43,0x38,0x2e,0x34,0x38,0x31,0x35,0x37,0x20,0x31,0x31,0x2e,0x34,
  0x30,0x39,0x36,0x20,0x38,0x2e,0x36,0x33,0x36,0x35,0x38,0x20,0x31,0x30,0x2e,0x38,
  0x34,0x32,0x33,0x20,0x38,0x2e,0x38,0x33,0x32,0x31,0x39,0x20,0x31,0x30,0x2e,0x31,
  0x32,0x36,0x33,0x4c,0x39,0x2e,0x31,0x32,0x30,0x32,0x33,0x20,0x39,0x2e,0x30,0x37,
  0x32,0x30,0x32,0x5a,0x4d,0x31,0x33,0x2e,0x30,0x39,0x35,0x38,0x20,0x36,0x2e,0x30,
  0x33,0x36,0x34,0x35,0x43,0x31,0x32,0x2e,0x36,0x37,0x32,0x32,0x20,0x35,0x2e,0x39,
  0x36,0x32,0x31,0x37,0x20,0x31,0x32,0x2e,0x33,0x39,0x38,0x38,0x20,0x35,0x2e,0x39,
  0x36,0x30,0x36,0x34,0x20,0x31,0x32,0x2e,0x31,0x36,0x38,0x20,0x36,0x2e,0x30,0x31,
  0x33,0x34,0x43,0x31,0x31,0x2e,0x37,0x35,0x32,0x34,0x20,0x36,0x2e,0x31,0x30,0x38,
  0x34,0x35,0x20,0x31,0x31,0x2e,0x33,0x37,0x34,0x38,0x20,0x36,0x2e,0x33,0x32,0x32,
  0x32,0x36,0x20,0x31,0x31,0x2e,0x30,0x38,0x33,0x20,0x36,0x2e,0x36,0x32,0x37,0x37,
  0x39,0x43,0x31,0x30,0x2e,0x37,0x39,0x33,0x34,0x20,0x36,0x2e,0x39,0x33,0x31,0x30,
  0x32,0x20,0x31,0x30,0x2e,0x36,0x31,0x35,0x32,0x20,0x37,0x2e,0x33,0x39,0x39,0x34,
  0x38,0x20,0x31,0x30,0x2e,0x33,0x30,0x35,0x33,0x20,0x38,0x2e,0x35,0x31,0x32,0x32,
  0x34,0x43,0x31,0x30,0x2e,0x32,0x35,0x34,0x39,0x20,0x38,0x2e,0x36,0x39,0x33,0x30,
  0x39,0x20,0x31,0x30,0x2e,0x32,0x30,0x31,0x37,0x20,0x38,0x2e,0x38,0x38,0x38,0x20,
  0x31,0x30,0x2e,0x31,0x34,0x33,0x39,0x20,0x39,0x2e,0x30,0x39,0x39,0x34,0x32,0x4c,
  0x39,0x2e,0x38,0x30,0x30,0x31,0x39,0x20,0x31,0x30,0x2e,0x33,0x35,0x37,0x35,0x43,
  0x39,0x2e,0x35,0x39,0x37,0x33,0x35,0x20,0x31,0x31,0x2e,0x30,0x39,0x39,0x39,0x20,
  0x39,0x2e,0x34,0x35,0x33,0x37,0x31,0x20,0x31,0x31,0x2e,0x36,0x32,0x37,0x33,0x20,
  0x39,0x2e,0x33,0x37,0x36,0x38,0x38,0x20,0x31,0x32,0x2e,0x30,0x34,0x38,0x37,0x43,
  0x39,0x2e,0x33,0x30,0x31,0x31,0x34,0x20,0x31,0x32,0x2e,0x34,0x36,0x34,0x20,0x39,
  0x2e,0x32,0x39,0x39,0x35,0x38,0x20,0x31,0x32,0x2e,0x37,0x33,0x32,0x32,0x20,0x39,
  0x2e,0x33,0x35,0x33,0x33,0x38,0x20,0x31,0x32,0x2e,0x39,0x35,0x38,0x35,0x43,0x39,
  0x2e,0x34,0x35,0x30,0x33,0x20,0x31,0x33,0x2e,0x33,0x36,0x36,0x32,0x20,0x39,0x2e,
  0x36,0x36,0x38,0x33,0x20,0x31,0x33,0x2e,0x37,0x33,0x36,0x35,0x20,0x39,0x2e,0x39,
  0x37,0x39,0x38,0x33,0x20,0x31,0x34,0x2e,0x30,0x32,0x32,0x37,0x43,0x31,0x30,0x2e,
  0x31,0x35,0x32,0x37,0x20,0x31,0x34,0x2e,0x31,0x38,0x31,0x35,0x20,0x31,0x30,0x2e,
  0x33,0x39,0x30,0x33,0x20,0x31,0x34,0x2e,0x33,0x31,0x34,0x33,0x20,0x31,0x30,0x2e,
  0x37,0x39,0x35,0x20,0x31,0x34,0x2e,0x34,0x35,0x37,0x36,0x43,0x31,0x31,0x2e,0x32,
  0x30,0x35,0x35,0x20,0x31,0x34,0x2e,0x36,0x30,0x33,0x31,0x20,0x31,0x31,0x2e,0x37,
  0x34,0x33,0x20,0x31,0x34,0x2e,0x37,0x34,0x34,0x37,0x20,0x31,0x32,0x2e,0x35,0x20,
  0x31,0x34,0x2e,0x39,0x34,0x33,0x37,0x43,0x31,0x33,0x2e,0x31,0x38,0x30,0x39,0x20,
  0x31,0x35,0x2e,0x31,0x32,0x32,0x36,0x20,0x31,0x33,0x2e,0x36,0x38,0x35,0x35,0x20,
  0x31,0x35,0x2e,0x32,0x35,0x35,0x20,0x31,0x34,0x2e,0x30,0x39,0x35,0x38,0x20,0x31,
  0x35,0x2e,0x33,0x33,0x35,0x43,0x31,0x34,0x2e,0x35,0x30,0x34,0x34,0x20,0x31,0x35,
  0x2e,0x34,0x31,0x34,0x36,0x20,0x31,0x34,0x2e,0x37,0x38,0x31,0x36,0x20,0x31,0x35,
  0x2e,0x34,0x33,0x34,0x32,0x20,0x31,0x35,0x2e,0x30,0x30,0x38,0x38,0x20,0x31,0x35,
  0x2e,0x34,0x30,0x36,0x37,0x43,0x31,0x35,0x2e,0x30,0x35,0x38,0x33,0x20,0x31,0x35,
  0x2e,0x34,0x30,0x30,0x37,0x20,0x31,0x35,0x2e,0x31,0x30,0x35,0x38,0x20,0x31,0x35,
  0x2e,0x33,0x39,0x32,0x35,0x20,0x31,0x35,0x2e,0x31,0x35,0x32,0x31,0x20,0x31,0x35,
  0x2e,0x33,0x38,0x31,0x39,0x43,0x31,0x35,0x2e,0x35,0x36,0x37,0x37,0x20,0x31,0x35,
  0x2e,0x32,0x38,0x36,0x38,0x20,0x31,0x35,0x2e,0x39,0x34,0x35,0x33,0x20,0x31,0x35,
  0x2e,0x30,0x37,0x33,0x20,0x31,0x36,0x2e,0x32,0x33,0x37,0x31,0x20,0x31,0x34,0x2e,
  0x37,0x36,0x37,0x35,0x43,0x31,0x36,0x2e,0x33,0x39,0x39,0x20,0x31,0x34,0x2e,0x35,
  0x39,0x37,0x39,0x20,0x31,0x36,0x2e,0x35,0x33,0x34,0x34,0x20,0x31,0x34,0x2e,0x33,
  0x36,0x34,0x39,0x20,0x31,0x36,0x2e,0x36,0x38,0x30,0x36,0x20,0x31,0x33,0x2e,0x39,
  0x36,0x38,0x43,0x31,0x36,0x2e,0x38,0x32,0x38,0x39,0x20,0x31,0x33,0x2e,0x35,0x36,
  0x35,0x34,0x20,0x31,0x36,0x2e,0x39,0x37,0x33,0x33,0x20,0x31,0x33,0x2e,0x30,0x33,
  0x38,0x33,0x20,0x31,0x37,0x2e,0x31,0x37,0x36,0x32,0x20,0x31,0x32,0x2e,0x32,0x39,
  0x35,0x38,0x4c,0x31,0x37,0x2e,0x35,0x31,0x39,0x39,0x20,0x31,0x31,0x2e,0x30,0x33,
  0x37,0x38,0x43,0x31,0x37,0x2e,0x37,0x32,0x32,0x37,0x20,0x31,0x30,0x2e,0x32,0x39,
  0x35,0x34,0x20,0x31,0x37,0x2e,0x38,0x36,0x36,0x34,0x20,0x39,0x2e,0x37,0x36,0x38,
  0x20,0x31,0x37,0x2e,0x39,0x34,0x33,0x32,0x20,0x39,0x2e,0x33,0x34,0x36,0x36,0x32,
  0x43,0x31,0x38,0x2e,0x30,0x31,0x38,0x39,0x20,0x38,0x2e,0x39,0x33,0x31,0x32,0x33,
  0x20,0x31,0x38,0x2e,0x30,0x32,0x30,0x35,0x20,0x38,0x2e,0x36,0x36,0x33,0x30,0x34,
  0x20,0x31,0x37,0x2e,0x39,0x36,0x36,0x37,0x20,0x38,0x2e,0x34,0x33,0x36,0x37,0x36,
  0x43,0x31,0x37,0x2e,0x38,0x36,0x39,0x38,0x20,0x38,0x2e,0x30,0x32,0x39,0x30,0x39,
  0x20,0x31,0x37,0x2e,0x36,0x35,0x31,0x38,0x20,0x37,0x2e,0x36,0x35,0x38,0x37,0x36,
  0x20,0x31,0x37,0x2e,0x33,0x34,0x30,0x33,0x20,0x37,0x2e,0x33,0x37,0x32,0x36,0x31,
  0x43,0x31,0x37,0x2e,0x31,0x36,0x37,0x33,0x20,0x37,0x2e,0x32,0x31,0x33,0x37,0x38,
  0x20,0x31,0x36,0x2e,0x39,0x32,0x39,0x37,0x20,0x37,0x2e,0x30,0x38,0x31,0x30,0x31,
  0x20,0x31,0x36,0x2e,0x35,0x32,0x35,0x31,0x20,0x36,0x2e,0x39,0x33,0x37,0x36,0x34,
  0x43,0x31,0x36,0x2e,0x31,0x31,0x34,0x36,0x20,0x36,0x2e,0x37,0x39,0x32,0x32,0x31,
  0x20,0x31,0x35,0x2e,0x35,0x37,0x37,0x31,0x20,0x36,0x2e,0x36,0x35,0x30,0x35,0x33,
  0x20,0x31,0x34,0x2e,0x38,0x32,0x30,0x31,0x20,0x36,0x2e,0x34,0x35,0x31,0x36,0x31,
  0x43,0x31,0x34,0x2e,0x30,0x36,0x33,0x31,0x20,0x36,0x2e,0x32,0x35,0x32,0x36,0x38,
  0x20,0x31,0x33,0x2e,0x35,0x32,0x35,0x34,0x20,0x36,0x2e,0x31,0x31,0x31,0x38,0x20,
  0x31,0x33,0x2e,0x30,0x39,0x35,0x38,0x20,0x36,0x2e,0x30,0x33,0x36,0x34,0x35,0x5a,
  0x22,0x20,0x66,0x69,0x6c,0x6c,0x3d,0x22,0x23,0x45,0x44,0x45,0x44,0x45,0x44,0x22,
  0x2f,0x3e,0xa,0x3c,0x2f,0x67,0x3e,0xa,0x3c,0x2f,0x73,0x76,0x67,0x3e,0xa,
    // D:/WriterBoard/icons/Notebook.svg
  0x0,0x0,0xc,0x38,
  0x3c,
  0x73,0x76,0x67,0x20,0x77,0x69,0x64,0x74,0x68,0x3d,0x22,0x32,0x34,0x22,0x20,0x68,
  0x65,0x69,0x67,0x68,0x74,0x3d,0x22,0x32,0x34,0x22,0x20,0x76,0x69,0x65,0x77,0x42,
  0x6f,0x78,0x3d,0x22,0x30,0x20,0x30,0x20,0x32,0x34,0x20,0x32,0x34,0x22,0x20,0x66,
  0x69,0x6c,0x6c,0x3d,0x22,0x6e,0x6f,0x6e,0x65,0x22,0x20,0x78,0x6d,0x6c,0x6e,0x73,
  0x3d,0x22,0x68,0x74,0x74,0x70,0x3a,0x2f,0x2f,0x77,0x77,0x77,0x2e,0x77,0x33,0x2e,
  0x6f,0x72,0x67,0x2f,0x32,0x30,0x30,0x30,0x2f,0x73,0x76,0x67,0x22,0x3e,0xa,0x3c,
  0x67,0x20,0x69,0x64,0x3d,0x22,0x4f,0x75,0x74,0x6c,0x69,0x6e,0x65,0x20,0x2f,0x20,
  0x4e,0x6f,0x74,0x65,0x73,0x20,0x2f,0x20,0x4e,0x6f,0x74,0x65,0x62,0x6f,0x6f,0x6b,
  0x20,0x22,0x3e,0xa,0x3c,0x70,0x61,0x74,0x68,0x20,0x69,0x64,0x3d,0x22,0x56,0x65,
  0x63,0x74,0x6f,0x72,0x22,0x20,0x66,0x69,0x6c,0x6c,0x2d,0x72,0x75,0x6c,0x65,0x3d,
  0x22,0x65,0x76,0x65,0x6e,0x6f,0x64,0x64,0x22,0x20,0x63,0x6c,0x69,0x70,0x2d,0x72,
  0x75,0x6c,0x65,0x3d,0x22,0x65,0x76,0x65,0x6e,0x6f,0x64,0x64,0x22,0x20,0x64,0x3d,
  0x22,0x4d,0x31,0x30,0x2e,0x32,0x39,0x34,0x31,0x20,0x35,0x48,0x31,0x34,0x2e,0x34,
  0x39,0x37,0x36,0x43,0x31,0x35,0x2e,0x34,0x33,0x38,0x34,0x20,0x34,0x2e,0x39,0x39,
  0x39,0x39,0x39,0x20,0x31,0x36,0x2e,0x31,0x39,0x36,0x38,0x20,0x34,0x2e,0x39,0x39,
  0x39,0x39,0x38,0x20,0x31,0x36,0x2e,0x37,0x39,0x33,0x33,0x20,0x35,0x2e,0x30,0x37,
  0x35,0x38,0x38,0x43,0x31,0x37,0x2e,0x34,0x31,0x32,0x35,0x20,0x35,0x2e,0x31,0x35,
  0x34,0x36,0x38,0x20,0x31,0x37,0x2e,0x39,0x33,0x33,0x39,0x20,0x35,0x2e,0x33,0x32,
  0x33,0x32,0x36,0x20,0x31,0x38,0x2e,0x33,0x34,0x38,0x31,0x20,0x35,0x2e,0x37,0x31,
  0x35,0x32,0x31,0x43,0x31,0x38,0x2e,0x37,0x36,0x32,0x32,0x20,0x36,0x2e,0x31,0x30,
  0x37,0x31,0x35,0x20,0x31,0x38,0x2e,0x39,0x34,0x30,0x33,0x20,0x36,0x2e,0x36,0x30,
  0x30,0x36,0x35,0x20,0x31,0x39,0x2e,0x30,0x32,0x33,0x35,0x20,0x37,0x2e,0x31,0x38,
  0x36,0x37,0x37,0x43,0x31,0x39,0x2e,0x31,0x30,0x33,0x37,0x20,0x37,0x2e,0x37,0x35,
  0x31,0x33,0x20,0x31,0x39,0x2e,0x31,0x30,0x33,0x37,0x20,0x38,0x2e,0x34,0x36,0x39,
  0x31,0x20,0x31,0x39,0x2e,0x31,0x30,0x33,0x37,0x20,0x39,0x2e,0x33,0x35,0x39,0x36,
  0x32,0x56,0x31,0x34,0x2e,0x36,0x34,0x30,0x34,0x43,0x31,0x39,0x2e,0x31,0x30,0x33,
  0x37,0x20,0x31,0x35,0x2e,0x35,0x33,0x30,0x39,0x20,0x31,0x39,0x2e,0x31,0x30,0x33,
  0x37,0x20,0x31,0x36,0x2e,0x32,0x34,0x38,0x37,0x20,0x31,0x39,0x2e,0x30,0x32,0x33,
  0x35,0x20,0x31,0x36,0x2e,0x38,0x31,0x33,0x32,0x43,0x31,0x38,0x2e,0x39,0x34,0x30,
  0x33,0x20,0x31,0x37,0x2e,0x33,0x39,0x39,0x34,0x20,0x31,0x38,0x2e,0x37,0x36,0x32,
  0x32,0x20,0x31,0x37,0x2e,0x38,0x39,0x32,0x39,0x20,0x31,0x38,0x2e,0x33,0x34,0x38,
  0x31,0x20,0x31,0x38,0x2e,0x32,0x38,0x34,0x38,0x43,0x31,0x37,0x2e,0x39,0x33,0x33,
  0x39,0x20,0x31,0x38,0x2e,0x36,0x37,0x36,0x37,0x20,0x31,0x37,0x2e,0x34,0x31,0x32,
  0x35,0x20,0x31,0x38,0x2e,0x38,0x34,0x35,0x33,0x20,0x31,0x36,0x2e,0x37,0x39,0x33,
  0x33,0x20,0x31,0x38,0x2e,0x39,0x32,0x34,0x31,0x43,0x31,0x36,0x2e,0x31,0x39,0x36,
  0x38,0x20,0x31,0x39,0x20,0x31,0x35,0x2e,0x34,0x33,0x38,0x34,0x20,0x31,0x39,0x20,
  0x31,0x34,0x2e,0x34,0x39,0x37,0x36,0x20,0x31,0x39,0x48,0x31,0x30,0x2e,0x32,0x39,
  0x34,0x31,0x43,0x31,0x30,0x2e,0x30,0x37,0x38,0x34,0x20,0x31,0x39,0x20,0x39,0x2e,
  0x38,0x37,0x32,0x33,0x34,0x20,0x31,0x39,0x20,0x39,0x2e,0x36,0x37,0x35,0x35,0x38,
  0x20,0x31,0x38,0x2e,0x39,0x39,0x39,0x31,0x43,0x39,0x2e,0x36,0x36,0x35,0x31,0x20,
  0x31,0x38,0x2e,0x39,0x39,0x39,0x37,0x20,0x39,0x2e,0x36,0x35,0x34,0x35,0x34,0x20,
  0x31,0x39,0x20,0x39,0x2e,0x36,0x34,0x33,0x39,0x20,0x31,0x39,0x43,0x39,0x2e,0x36,
  0x33,0x31,0x33,0x31,0x20,0x31,0x39,0x20,0x39,0x2e,0x36,0x31,0x38,0x38,0x31,0x20,
  0x31,0x38,0x2e,0x39,0x39,0x39,0x36,0x20,0x39,0x2e,0x36,0x30,0x36,0x34,0x34,0x20,
  0x31,0x38,0x2e,0x39,0x39,0x38,0x37,0x43,0x38,0x2e,0x39,0x37,0x35,0x32,0x32,0x20,
  0x31,0x38,0x2e,0x39,0x39,0x35,0x20,0x38,0x2e,0x34,0x34,0x32,0x30,0x33,0x20,0x31,
  0x38,0x2e,0x39,0x38,0x30,0x36,0x20,0x37,0x2e,0x39,0x39,0x38,0x34,0x31,0x20,0x31,
  0x38,0x2e,0x39,0x32,0x34,0x31,0x43,0x37,0x2e,0x33,0x37,0x39,0x31,0x35,0x20,0x31,
  0x38,0x2e,0x38,0x34,0x35,0x33,0x20,0x36,0x2e,0x38,0x35,0x37,0x37,0x34,0x20,0x31,
  0x38,0x2e,0x36,0x37,0x36,0x37,0x20,0x36,0x2e,0x34,0x34,0x33,0x36,0x33,0x20,0x31,
  0x38,0x2e,0x32,0x38,0x34,0x38,0x43,0x36,0x2e,0x30,0x32,0x39,0x35,0x32,0x20,0x31,
  0x37,0x2e,0x38,0x39,0x32,0x39,0x20,0x35,0x2e,0x38,0x35,0x31,0x34,0x31,0x20,0x31,
  0x37,0x2e,0x33,0x39,0x39,0x34,0x20,0x35,0x2e,0x37,0x36,0x38,0x31,0x35,0x20,0x31,
  0x36,0x2e,0x38,0x31,0x33,0x32,0x43,0x35,0x2e,0x37,0x30,0x32,0x30,0x32,0x20,0x31,
  0x36,0x2e,0x33,0x34,0x37,0x37,0x20,0x35,0x2e,0x36,0x39,0x30,0x34,0x33,0x20,0x31,
  0x35,0x2e,0x37,0x37,0x37,0x39,0x20,0x35,0x2e,0x36,0x38,0x38,0x34,0x31,0x20,0x31,
  0x35,0x2e,0x30,0x39,0x33,0x48,0x35,0x2e,0x35,0x31,0x35,0x39,0x39,0x43,0x35,0x2e,
  0x32,0x33,0x31,0x30,0x32,0x20,0x31,0x35,0x2e,0x30,0x39,0x33,0x20,0x35,0x20,0x31,
  0x34,0x2e,0x38,0x37,0x34,0x34,0x20,0x35,0x20,0x31,0x34,0x2e,0x36,0x30,0x34,0x37,
  0x43,0x35,0x20,0x31,0x34,0x2e,0x33,0x33,0x34,0x39,0x20,0x35,0x2e,0x32,0x33,0x31,
  0x30,0x32,0x20,0x31,0x34,0x2e,0x31,0x31,0x36,0x33,0x20,0x35,0x2e,0x35,0x31,0x35,
  0x39,0x39,0x20,0x31,0x34,0x2e,0x31,0x31,0x36,0x33,0x48,0x35,0x2e,0x36,0x38,0x37,
  0x39,0x39,0x56,0x31,0x32,0x2e,0x34,0x38,0x38,0x34,0x48,0x35,0x2e,0x35,0x31,0x35,
  0x39,0x39,0x43,0x35,0x2e,0x32,0x33,0x31,0x30,0x32,0x20,0x31,0x32,0x2e,0x34,0x38,
  0x38,0x34,0x20,0x35,0x20,0x31,0x32,0x2e,0x32,0x36,0x39,0x37,0x20,0x35,0x20,0x31,
  0x32,0x43,0x35,0x20,0x31,0x31,0x2e,0x37,0x33,0x30,0x33,0x20,0x35,0x2e,0x32,0x33,
  0x31,0x30,0x32,0x20,0x31,0x31,0x2e,0x35,0x31,0x31,0x36,0x20,0x35,0x2e,0x35,0x31,
  0x35,0x39,0x39,0x20,0x31,0x31,0x2e,0x35,0x31,0x31,0x36,0x48,0x35,0x2e,0x36,0x38,
  0x37,0x39,0x39,0x56,0x39,0x2e,0x38,0x38,0x33,0x37,0x32,0x48,0x35,0x2e,0x35,0x31,
  0x35,0x39,0x39,0x43,0x35,0x2e,0x32,0x33,0x31,0x30,0x32,0x20,0x39,0x2e,0x38,0x38,
  0x33,0x37,0x32,0x20,0x35,0x20,0x39,0x2e,0x36,0x36,0x35,0x30,0x37,0x20,0x35,0x20,
  0x39,0x2e,0x33,0x39,0x35,0x33,0x35,0x43,0x35,0x20,0x39,0x2e,0x31,0x32,0x35,0x36,
  0x33,0x20,0x35,0x2e,0x32,0x33,0x31,0x30,0x32,0x20,0x38,0x2e,0x39,0x30,0x36,0x39,
  0x38,0x20,0x35,0x2e,0x35,0x31,0x35,0x39,0x39,0x20,0x38,0x2e,0x39,0x30,0x36,0x39,
  0x38,0x48,0x35,0x2e,0x36,0x38,0x38,0x34,0x31,0x43,0x35,0x2e,0x36,0x39,0x30,0x34,
  0x33,0x20,0x38,0x2e,0x32,0x32,0x32,0x30,0x37,0x20,0x35,0x2e,0x37,0x30,0x32,0x30,
  0x32,0x20,0x37,0x2e,0x36,0x35,0x32,0x33,0x31,0x20,0x35,0x2e,0x37,0x36,0x38,0x31,
  0x35,0x20,0x37,0x2e,0x31,0x38,0x36,0x37,0x37,0x43,0x35,0x2e,0x38,0x35,0x31,0x34,
  0x31,0x20,0x36,0x2e,0x36,0x30,0x30,0x36,0x35,0x20,0x36,0x2e,0x30,0x32,0x39,0x35,
  0x32,0x20,0x36,0x2e,0x31,0x30,0x37,0x31,0x35,0x20,0x36,0x2e,0x34,0x34,0x33,0x36,
  0x33,0x20,0x35,0x2e,0x37,0x31,0x35,0x32,0x31,0x43,0x36,0x2e,0x38,0x35,0x37,0x37,
  0x34,0x20,0x35,0x2e,0x33,0x32,0x33,0x32,0x36,0x20,0x37,0x2e,0x33,0x37,0x39,0x31,
  0x35,0x20,0x35,0x2e,0x31,0x35,0x34,0x36,0x38,0x20,0x37,0x2e,0x39,0x39,0x38,0x34,
  0x31,0x20,0x35,0x2e,0x30,0x37,0x35,0x38,0x38,0x43,0x38,0x2e,0x35,0x39,0x34,0x38,
  0x37,0x20,0x34,0x2e,0x39,0x39,0x39,0x39,0x38,0x20,0x39,0x2e,0x33,0x35,0x33,0x32,
  0x35,0x20,0x34,0x2e,0x39,0x39,0x39,0x39,0x39,0x20,0x31,0x30,0x2e,0x32,0x39,0x34,
  0x31,0x20,0x35,0x5a,0x4d,0x36,0x2e,0x37,0x31,0x39,0x39,0x36,0x20,0x39,0x2e,0x38,
  0x38,0x33,0x37,0x32,0x48,0x36,0x2e,0x38,0x39,0x31,0x39,0x36,0x43,0x37,0x2e,0x31,
  0x37,0x36,0x39,0x33,0x20,0x39,0x2e,0x38,0x38,0x33,0x37,0x32,0x20,0x37,0x2e,0x34,
  0x30,0x37,0x39,0x35,0x20,0x39,0x2e,0x36,0x36,0x35,0x30,0x37,0x20,0x37,0x2e,0x34,
  0x30,0x37,0x39,0x35,0x20,0x39,0x2e,0x33,0x39,0x35,0x33,0x35,0x43,0x37,0x2e,0x34,
  0x30,0x37,0x39,0x35,0x20,0x39,0x2e,0x31,0x32,0x35,0x36,0x33,0x20,0x37,0x2e,0x31,
  0x37,0x36,0x39,0x33,0x20,0x38,0x2e,0x39,0x30,0x36,0x39,0x38,0x20,0x36,0x2e,0x38,
  0x39,0x31,0x39,0x36,0x20,0x38,0x2e,0x39,0x30,0x36,0x39,0x38,0x48,0x36,0x2e,0x37,
  0x32,0x30,0x35,0x43,0x36,0x2e,0x37,0x32,0x32,0x37,0x20,0x38,0x2e,0x32,0x32,0x35,
  0x39,0x39,0x20,0x36,0x2e,0x37,0x33,0x33,0x39,0x33,0x20,0x37,0x2e,0x37,0x31,0x38,
  0x32,0x20,0x36,0x2e,0x37,0x39,0x30,0x39,0x33,0x20,0x37,0x2e,0x33,0x31,0x36,0x39,
  0x32,0x43,0x36,0x2e,0x38,0x35,0x38,0x38,0x20,0x36,0x2e,0x38,0x33,0x39,0x31,0x31,
  0x20,0x36,0x2e,0x39,0x38,0x32,0x39,0x34,0x20,0x36,0x2e,0x35,0x38,0x36,0x30,0x39,
  0x20,0x37,0x2e,0x31,0x37,0x33,0x33,0x35,0x20,0x36,0x2e,0x34,0x30,0x35,0x38,0x37,
  0x43,0x37,0x2e,0x33,0x36,0x33,0x37,0x36,0x20,0x36,0x2e,0x32,0x32,0x35,0x36,0x35,
  0x20,0x37,0x2e,0x36,0x33,0x31,0x30,0x39,0x20,0x36,0x2e,0x31,0x30,0x38,0x31,0x35,
  0x20,0x38,0x2e,0x31,0x33,0x35,0x39,0x32,0x20,0x36,0x2e,0x30,0x34,0x33,0x39,0x31,
  0x43,0x38,0x2e,0x34,0x31,0x32,0x32,0x37,0x20,0x36,0x2e,0x30,0x30,0x38,0x37,0x34,
  0x20,0x38,0x2e,0x37,0x33,0x36,0x34,0x33,0x20,0x35,0x2e,0x39,0x39,0x31,0x39,0x39,
  0x20,0x39,0x2e,0x31,0x32,0x37,0x39,0x31,0x20,0x35,0x2e,0x39,0x38,0x34,0x56,0x31,
  0x38,0x2e,0x30,0x31,0x36,0x43,0x38,0x2e,0x37,0x33,0x36,0x34,0x33,0x20,0x31,0x38,
  0x2e,0x30,0x30,0x38,0x20,0x38,0x2e,0x34,0x31,0x32,0x32,0x37,0x20,0x31,0x37,0x2e,
  0x39,0x39,0x31,0x33,0x20,0x38,0x2e,0x31,0x33,0x35,0x39,0x32,0x20,0x31,0x37,0x2e,
  0x39,0x35,0x36,0x31,0x43,0x37,0x2e,0x36,0x33,0x31,0x30,0x39,0x20,0x31,0x37,0x2e,
  0x38,0x39,0x31,0x39,0x20,0x37,0x2e,0x33,0x36,0x33,0x37,0x36,0x20,0x31,0x37,0x2e,
  0x37,0x37,0x34,0x34,0x20,0x37,0x2e,0x31,0x37,0x33,0x33,0x35,0x20,0x31,0x37,0x2e,
  0x35,0x39,0x34,0x31,0x43,0x36,0x2e,0x39,0x38,0x32,0x39,0x34,0x20,0x31,0x37,0x2e,
  0x34,0x31,0x33,0x39,0x20,0x36,0x2e,0x38,0x35,0x38,0x38,0x20,0x31,0x37,0x2e,0x31,
  0x36,0x30,0x39,0x20,0x36,0x2e,0x37,0x39,0x30,0x39,0x33,0x20,0x31,0x36,0x2e,0x36,
  0x38,0x33,0x31,0x43,0x36,0x2e,0x37,0x33,0x33,0x39,0x33,0x20,0x31,0x36,0x2e,0x32,
  0x38,0x31,0x38,0x20,0x36,0x2e,0x37,0x32,0x32,0x37,0x20,0x31,0x35,0x2e,0x37,0x37,
  0x34,0x20,0x36,0x2e,0x37,0x32,0x30,0x35,0x20,0x31,0x35,0x2e,0x30,0x39,0x33,0x48,
  0x36,0x2e,0x38,0x39,0x31,0x39,0x36,0x43,0x37,0x2e,0x31,0x37,0x36,0x39,0x33,0x20,
  0x31,0x35,0x2e,0x30,0x39,0x33,0x20,0x37,0x2e,0x34,0x30,0x37,0x39,0x35,0x20,0x31,
  0x34,0x2e,0x38,0x37,0x34,0x34,0x20,0x37,0x2e,0x34,0x30,0x37,0x39,0x35,0x20,0x31,
  0x34,0x2e,0x36,0x30,0x34,0x37,0x43,0x37,0x2e,0x34,0x30,0x37,0x39,0x35,0x20,0x31,
  0x34,0x2e,0x33,0x33,0x34,0x39,0x20,0x37,0x2e,0x31,0x37,0x36,0x39,0x33,0x20,0x31,
  0x34,0x2e,0x31,0x31,0x36,0x33,0x20,0x36,0x2e,0x38,0x39,0x31,0x39,0x36,0x20,0x31,
  0x34,0x2e,0x31,0x31,0x36,0x33,0x48,0x36,0x2e,0x37,0x31,0x39,0x39,0x36,0x56,0x31,
  0x32,0x2e,0x34,0x38,0x38,0x34,0x48,0x36,0x2e,0x38,0x39,0x31,0x39,0x36,0x43,0x37,
  0x2e,0x31,0x37,0x36,0x39,0x33,0x20,0x31,0x32,0x2e,0x34,0x38,0x38,0x34,0x20,0x37,
  0x2e,0x34,0x30,0x37,0x39,0x35,0x20,0x31,0x32,0x2e,0x32,0x36,0x39,0x37,0x20,0x37,
  0x2e,0x34,0x30,0x37,0x39,0x35,0x20,0x31,0x32,0x43,0x37,0x2e,0x34,0x30,0x37,0x39,
  0x35,0x20,0x31,0x31,0x2e,0x37,0x33,0x30,0x33,0x20,0x37,0x2e,0x31,0x37,0x36,0x39,
  0x33,0x20,0x31,0x31,0x2e,0x35,0x31,0x31,0x36,0x20,0x36,0x2e,0x38,0x39,0x31,0x39,
  0x36,0x20,0x31,0x31,0x2e,0x35,0x31,0x31,0x36,0x48,0x36,0x2e,0x37,0x31,0x39,0x39,
  0x36,0x56,0x39,0x2e,0x38,0x38,0x33,0x37,0x32,0x5a,0x4d,0x31,0x30,0x2e,0x31,0x35,
  0x39,0x39,0x20,0x31,0x38,0x2e,0x30,0x32,0x33,0x32,0x43,0x31,0x30,0x2e,0x32,0x31,
  0x36,0x32,0x20,0x31,0x38,0x2e,0x30,0x32,0x33,0x33,0x20,0x31,0x30,0x2e,0x32,0x37,
  0x33,0x35,0x20,0x31,0x38,0x2e,0x30,0x32,0x33,0x33,0x20,0x31,0x30,0x2e,0x33,0x33,
  0x31,0x39,0x20,0x31,0x38,0x2e,0x30,0x32,0x33,0x33,0x48,0x31,0x34,0x2e,0x34,0x35,
  0x39,0x38,0x43,0x31,0x35,0x2e,0x34,0x34,0x37,0x33,0x20,0x31,0x38,0x2e,0x30,0x32,
  0x33,0x33,0x20,0x31,0x36,0x2e,0x31,0x33,0x36,0x31,0x20,0x31,0x38,0x2e,0x30,0x32,
  0x32,0x32,0x20,0x31,0x36,0x2e,0x36,0x35,0x35,0x38,0x20,0x31,0x37,0x2e,0x39,0x35,
  0x36,0x31,0x43,0x31,0x37,0x2e,0x31,0x36,0x30,0x36,0x20,0x31,0x37,0x2e,0x38,0x39,
  0x31,0x39,0x20,0x31,0x37,0x2e,0x34,0x32,0x37,0x39,0x20,0x31,0x37,0x2e,0x37,0x37,
  0x34,0x34,0x20,0x31,0x37,0x2e,0x36,0x31,0x38,0x33,0x20,0x31,0x37,0x2e,0x35,0x39,
  0x34,0x31,0x43,0x31,0x37,0x2e,0x38,0x30,0x38,0x37,0x20,0x31,0x37,0x2e,0x34,0x31,
  0x33,0x39,0x20,0x31,0x37,0x2e,0x39,0x33,0x32,0x39,0x20,0x31,0x37,0x2e,0x31,0x36,
  0x30,0x39,0x20,0x31,0x38,0x2e,0x30,0x30,0x30,0x38,0x20,0x31,0x36,0x2e,0x36,0x38,
  0x33,0x31,0x43,0x31,0x38,0x2e,0x30,0x37,0x30,0x36,0x20,0x31,0x36,0x2e,0x31,0x39,
  0x31,0x32,0x20,0x31,0x38,0x2e,0x30,0x37,0x31,0x37,0x20,0x31,0x35,0x2e,0x35,0x33,
  0x39,0x33,0x20,0x31,0x38,0x2e,0x30,0x37,0x31,0x37,0x20,0x31,0x34,0x2e,0x36,0x30,
  0x34,0x37,0x56,0x39,0x2e,0x33,0x39,0x35,0x33,0x35,0x43,0x31,0x38,0x2e,0x30,0x37,
  0x31,0x37,0x20,0x38,0x2e,0x34,0x36,0x30,0x36,0x36,0x20,0x31,0x38,0x2e,0x30,0x37,
  0x30,0x36,0x20,0x37,0x2e,0x38,0x30,0x38,0x37,0x37,0x20,0x31,0x38,0x2e,0x30,0x30,
  0x30,0x38,0x20,0x37,0x2e,0x33,0x31,0x36,0x39,0x32,0x43,0x31,0x37,0x2e,0x39,0x33,
  0x32,0x39,0x20,0x36,0x2e,0x38,0x33,0x39,0x31,0x31,0x20,0x31,0x37,0x2e,0x38,0x30,
  0x38,0x37,0x20,0x36,0x2e,0x35,0x38,0x36,0x30,0x39,0x20,0x31,0x37,0x2e,0x36,0x31,
  0x38,0x33,0x20,0x36,0x2e,0x34,0x30,0x35,0x38,0x37,0x43,0x31,0x37,0x2e,0x34,0x32,
  0x37,0x39,0x20,0x36,0x2e,0x32,0x32,0x35,0x36,0x35,0x20,0x31,0x37,0x2e,0x31,0x36,
  0x30,0x36,0x20,0x36,0x2e,0x31,0x30,0x38,0x31,0x35,0x20,0x31,0x36,0x2e,0x36,0x35,
  0x35,0x38,0x20,0x36,0x2e,0x30,0x34,0x33,0x39,0x31,0x43,0x31,0x36,0x2e,0x31,0x33,
  0x36,0x31,0x20,0x35,0x2e,0x39,0x37,0x37,0x37,0x38,0x20,0x31,0x35,0x2e,0x34,0x34,
  0x37,0x33,0x20,0x35,0x2e,0x39,0x37,0x36,0x37,0x34,0x20,0x31,0x34,0x2e,0x34,0x35,
  0x39,0x38,0x20,0x35,0x2e,0x39,0x37,0x36,0x37,0x34,0x48,0x31,0x30,0x2e,0x33,0x33,
  0x31,0x39,0x43,0x31,0x30,0x2e,0x32,0x37,0x33,0x35,0x20,0x35,0x2e,0x39,0x37,0x36,
  0x37,0x34,0x20,0x31,0x30,0x2e,0x32,0x31,0x36,0x32,0x20,0x35,0x2e,0x39,0x37,0x36,
  0x37,0x35,0x20,0x31,0x30,0x2e,0x31,0x35,0x39,0x39,0x20,0x35,0x2e,0x39,0x37,0x36,
  0x37,0x37,0x56,0x31,0x38,0x2e,0x30,0x32,0x33,0x32,0x5a,0x4d,0x31,0x31,0x2e,0x35,
  0x33,0x35,0x39,0x20,0x38,0x2e,0x34,0x31,0x38,0x36,0x31,0x43,0x31,0x31,0x2e,0x35,
  0x33,0x35,0x39,0x20,0x38,0x2e,0x31,0x34,0x38,0x38,0x38,0x20,0x31,0x31,0x2e,0x37,
  0x36,0x36,0x39,0x20,0x37,0x2e,0x39,0x33,0x30,0x32,0x33,0x20,0x31,0x32,0x2e,0x30,
  0x35,0x31,0x39,0x20,0x37,0x2e,0x39,0x33,0x30,0x32,0x33,0x48,0x31,0x35,0x2e,0x34,
  0x39,0x31,0x38,0x43,0x31,0x35,0x2e,0x37,0x37,0x36,0x38,0x20,0x37,0x2e,0x39,0x33,
  0x30,0x32,0x33,0x20,0x31,0x36,0x2e,0x30,0x30,0x37,0x38,0x20,0x38,0x2e,0x31,0x34,
  0x38,0x38,0x38,0x20,0x31,0x36,0x2e,0x30,0x30,0x37,0x38,0x20,0x38,0x2e,0x34,0x31,
  0x38,0x36,0x31,0x43,0x31,0x36,0x2e,0x30,0x30,0x37,0x38,0x20,0x38,0x2e,0x36,0x38,
  0x38,0x33,0x33,0x20,0x31,0x35,0x2e,0x37,0x37,0x36,0x38,0x20,0x38,0x2e,0x39,0x30,
  0x36,0x39,0x38,0x20,0x31,0x35,0x2e,0x34,0x39,0x31,0x38,0x20,0x38,0x2e,0x39,0x30,
  0x36,0x39,0x38,0x48,0x31,0x32,0x2e,0x30,0x35,0x31,0x39,0x43,0x31,0x31,0x2e,0x37,
  0x36,0x36,0x39,0x20,0x38,0x2e,0x39,0x30,0x36,0x39,0x38,0x20,0x31,0x31,0x2e,0x35,
  0x33,0x35,0x39,0x20,0x38,0x2e,0x36,0x38,0x38,0x33,0x33,0x20,0x31,0x31,0x2e,0x35,
  0x33,0x35,0x39,0x20,0x38,0x2e,0x34,0x31,0x38,0x36,0x31,0x5a,0x4d,0x31,0x31,0x2e,
  0x35,0x33,0x35,0x39,0x20,0x31,0x30,0x2e,0x36,0x39,0x37,0x37,0x43,0x31,0x31,0x2e,
  0x35,0x33,0x35,0x39,0x20,0x31,0x30,0x2e,0x34,0x32,0x38,0x20,0x31,0x31,0x2e,0x37,
  0x36,0x36,0x39,0x20,0x31,0x30,0x2e,0x32,0x30,0x39,0x33,0x20,0x31,0x32,0x2e,0x30,
  0x35,0x31,0x39,0x20,0x31,0x30,0x2e,0x32,0x30,0x39,0x33,0x48,0x31,0x35,0x2e,0x34,
  0x39,0x31,0x38,0x43,0x31,0x35,0x2e,0x37,0x37,0x36,0x38,0x20,0x31,0x30,0x2e,0x32,
  0x30,0x39,0x33,0x20,0x31,0x36,0x2e,0x30,0x30,0x37,0x38,0x20,0x31,0x30,0x2e,0x34,
  0x32,0x38,0x20,0x31,0x36,0x2e,0x30,0x30,0x37,0x38,0x20,0x31,0x30,0x2e,0x36,0x39,
  0x37,0x37,0x43,0x31,0x36,0x2e,0x30,0x30,0x37,0x38,0x20,0x31,0x30,0x2e,0x39,0x36,
  0x37,0x34,0x20,0x31,0x35,0x2e,0x37,0x37,0x36,0x38,0x20,0x31,0x31,0x2e,0x31,0x38,
  0x36,0x20,0x31,0x35,0x2e,0x34,0x39,0x31,0x38,0x20,0x31,0x31,0x2e,0x31,0x38,0x36,
  0x48,0x31,0x32,0x2e,0x30,0x35,0x31,0x39,0x43,0x31,0x31,0x2e,0x37,0x36,0x36,0x39,
  0x20,0x31,0x31,0x2e,0x31,0x38,0x36,0x20,0x31,0x31,0x2e,0x35,0x33,0x35,0x39,0x20,
  0x31,0x30,0x2e,0x39,0x36,0x37,0x34,0x20,0x31,0x31,0x2e,0x35,0x33,0x35,0x39,0x20,
  0x31,0x30,0x2e,0x36,0x39,0x37,0x37,0x5a,0x22,0x20,0x66,0x69,0x6c,0x6c,0x3d,0x22,
  0x23,0x45,0x44,0x45,0x44,0x45,0x44,0x22,0x2f,0x3e,0xa,0x3c,0x2f,0x67,0x3e,0xa,
  0x3c,0x2f,0x73,0x76,0x67,0x3e,0xa,
    // D:/WriterBoard/icons/seprator.svg
  0x0,0x0,0x0,0xb2,
  0x3c,
  0x73,0x76,0x67,0x20,0x77,0x69,0x64,0x74,0x68,0x3d,0x22,0x32,0x22,0x20,0x68,0x65,
  0x69,0x67,0x68,0x74,0x3d,0x22,0x32,0x36,0x22,0x20,0x76,0x69,0x65,0x77,0x42,0x6f,
  0x78,0x3d,0x22,0x30,0x20,0x30,0x20,0x32,0x20,0x32,0x36,0x22,0x20,0x66,0x69,0x6c,
  0x6c,0x3d,0x22,0x6e,0x6f,0x6e,0x65,0x22,0x20,0x78,0x6d,0x6c,0x6e,0x73,0x3d,0x22,
  0x68,0x74,0x74,0x70,0x3a,0x2f,0x2f,0x77,0x77,0x77,0x2e,0x77,0x33,0x2e,0x6f,0x72,
  0x67,0x2f,0x32,0x30,0x30,0x30,0x2f,0x73,0x76,0x67,0x22,0x3e,0xa,0x3c,0x70,0x61,
  0x74,0x68,0x20,0x69,0x64,0x3d,0x22,0x56,0x65,0x63,0x74,0x6f,0x72,0x20,0x32,0x31,
  0x22,0x20,0x64,0x3d,0x22,0x4d,0x31,0x20,0x31,0x4c,0x31,0x20,0x32,0x35,0x22,0x20,
  0x73,0x74,0x72,0x6f,0x6b,0x65,0x3d,0x22,0x23,0x38,0x35,0x38,0x35,0x38,0x35,0x22,
  0x20,0x73,0x74,0x72,0x6f,0x6b,0x65,0x2d,0x6c,0x69,0x6e,0x65,0x63,0x61,0x70,0x3d,
  0x22,0x72,0x6f,0x75,0x6e,0x64,0x22,0x2f,0x3e,0xa,0x3c,0x2f,0x73,0x76,0x67,0x3e,
  0xa,
    // D:/WriterBoard/icons/Add Node.svg
  0x0,0x0,0x3,0x24,
  0x3c,
  0x73,0x76,0x67,0x20,0x77,0x69,0x64,0x74,0x68,0x3d,0x22,0x34,0x30,0x22,0x20,0x68,
  0x65,0x69,0x67,0x68,0x74,0x3d,0x22,0x34,0x30,0x22,0x20,0x76,0x69,0x65,0x77,0x42,
  0x6f,0x78,0x3d,0x22,0x30,0x20,0x30,0x20,0x34,0x30,0x20,0x34,0x30,0x22,0x20,0x66,
  0x69,0x6c,0x6c,0x3d,0x22,0x6e,0x6f,0x6e,0x65,0x22,0x20,0x78,0x6d,0x6c,0x6e,0x73,
  0x3d,0x22,0x68,0x74,0x74,0x70,0x3a,0x2f,0x2f,0x77,0x77,0x77,0x2e,0x77,0x33,0x2e,
  0x6f,0x72,0x67,0x2f,0x32,0x30,0x30,0x30,0x2f,0x73,0x76,0x67,0x22,0x3e,0xa,0x3c,
  0x67,0x20,0x69,0x64,0x3d,0x22,0x41,0x64,0x64,0x20,0x4e,0x6f,0x64,0x65,0x22,0x3e,
  0xa,0x3c,0x70,0x61,0x74,0x68,0x20,0x69,0x64,0x3d,0x22,0x53,0x75,0x62,0x74,0x72,
  0x61,0x63,0x74,0x22,0x20,0x66,0x69,0x6c,0x6c,0x2d,0x72,0x75,0x6c,0x65,0x3d,0x22,
  0x65,0x76,0x65,0x6e,0x6f,0x64,0x64,0x22,0x20,0x63,0x6c,0x69,0x70,0x2d,0x72,0x75,
  0x6c,0x65,0x3d,0x22,0x65,0x76,0x65,0x6e,0x6f,0x64,0x64,0x22,0x20,0x64,0x3d,0x22,
  0x4d,0x31,0x33,0x20,0x31,0x30,0x43,0x31,0x31,0x2e,0x33,0x34,0x33,0x31,0x20,0x31,
  0x30,0x20,0x31,0x30,0x20,0x31,0x31,0x2e,0x33,0x34,0x33,0x31,0x20,0x31,0x30,0x20,
  0x31,0x33,0x56,0x32,0x37,0x43,0x31,0x30,0x20,0x32,0x38,0x2e,0x36,0x35,0x36,0x39,
  0x20,0x31,0x31,0x2e,0x33,0x34,0x33,0x31,0x20,0x33,0x30,0x20,0x31,0x33,0x20,0x33,
  0x30,0x48,0x32,0x37,0x43,0x32,0x38,0x2e,0x36,0x35,0x36,0x39,0x20,0x33,0x30,0x20,
  0x33,0x30,0x20,0x32,0x38,0x2e,0x36,0x35,0x36,0x39,0x20,0x33,0x30,0x20,0x32,0x37,
  0x56,0x31,0x33,0x43,0x33,0x30,0x20,0x31,0x31,0x2e,0x33,0x34,0x33,0x31,0x20,0x32,
  0x38,0x2e,0x36,0x35,0x36,0x39,0x20,0x31,0x30,0x20,0x32,0x37,0x20,0x31,0x30,0x48,
  0x31,0x33,0x5a,0x4d,0x31,0x35,0x2e,0x39,0x30,0x39,0x39,0x20,0x31,0x39,0x2e,0x38,
  0x30,0x33,0x33,0x43,0x31,0x35,0x2e,0x36,0x33,0x33,0x38,0x20,0x31,0x39,0x2e,0x38,
  0x30,0x33,0x33,0x20,0x31,0x35,0x2e,0x34,0x30,0x39,0x39,0x20,0x32,0x30,0x2e,0x30,
  0x32,0x37,0x32,0x20,0x31,0x35,0x2e,0x34,0x30,0x39,0x39,0x20,0x32,0x30,0x2e,0x33,
  0x30,0x33,0x33,0x43,0x31,0x35,0x2e,0x34,0x30,0x39,0x39,0x20,0x32,0x30,0x2e,0x35,
  0x37,0x39,0x35,0x20,0x31,0x35,0x2e,0x36,0x33,0x33,0x38,0x20,0x32,0x30,0x2e,0x38,
  0x30,0x33,0x33,0x20,0x31,0x35,0x2e,0x39,0x30,0x39,0x39,0x20,0x32,0x30,0x2e,0x38,
  0x30,0x33,0x33,0x48,0x31,0x39,0x2e,0x38,0x30,0x33,0x33,0x56,0x32,0x34,0x2e,0x36,
  0x39,0x36,0x37,0x43,0x31,0x39,0x2e,0x38,0x30,0x33,0x33,0x20,0x32,0x34,0x2e,0x39,
  0x37,0x32,0x38,0x20,0x32,0x30,0x2e,0x30,0x32,0x37,0x32,0x20,0x32,0x35,0x2e,0x31,
  0x39,0x36,0x37,0x20,0x32,0x30,0x2e,0x33,0x30,0x33,0x33,0x20,0x32,0x35,0x2e,0x31,
  0x39,0x36,0x37,0x43,0x32,0x30,0x2e,0x35,0x37,0x39,0x34,0x20,0x32,0x35,0x2e,0x31,
  0x39,0x36,0x37,0x20,0x32,0x30,0x2e,0x38,0x30,0x33,0x33,0x20,0x32,0x34,0x2e,0x39,
  0x37,0x32,0x38,0x20,0x32,0x30,0x2e,0x38,0x30,0x33,0x33,0x20,0x32,0x34,0x2e,0x36,
  0x39,0x36,0x37,0x56,0x32,0x30,0x2e,0x38,0x30,0x33,0x33,0x48,0x32,0x34,0x2e,0x36,
  0x39,0x36,0x37,0x43,0x32,0x34,0x2e,0x39,0x37,0x32,0x38,0x20,0x32,0x30,0x2e,0x38,
  0x30,0x33,0x33,0x20,0x32,0x35,0x2e,0x31,0x39,0x36,0x37,0x20,0x32,0x30,0x2e,0x35,
  0x37,0x39,0x35,0x20,0x32,0x35,0x2e,0x31,0x39,0x36,0x37,0x20,0x32,0x30,0x2e,0x33,
  0x30,0x33,0x33,0x43,0x32,0x35,0x2e,0x31,0x39,0x36,0x37,0x20,0x32,0x30,0x2e,0x30,
  0x32,0x37,0x32,0x20,0x32,0x34,0x2e,0x39,0x37,0x32,0x38,0x20,0x31,0x39,0x2e,0x38,
  0x30,0x33,0x33,0x20,0x32,0x34,0x2e,0x36,0x39,0x36,0x37,0x20,0x31,0x39,0x2e,0x38,
  0x30,0x33,0x33,0x48,0x32,0x30,0x2e,0x38,0x30,0x33,0x33,0x56,0x31,0x35,0x2e,0x39,
  0x30,0x39,0x39,0x43,0x32,0x30,0x2e,0x38,0x30,0x33,0x33,0x20,0x31,0x35,0x2e,0x36,
  0x33,0x33,0x38,0x20,0x32,0x30,0x2e,0x35,0x37,0x39,0x34,0x20,0x31,0x35,0x2e,0x34,
  0x30,0x39,0x39,0x20,0x32,0x30,0x2e,0x33,0x30,0x33,0x33,0x20,0x31,0x35,0x2e,0x34,
  0x30,0x39,0x39,0x43,0x32,0x30,0x2e,0x30,0x32,0x37,0x32,0x20,0x31,0x35,0x2e,0x34,
  0x30,0x39,0x39,0x20,0x31,0x39,0x2e,0x38,0x30,0x33,0x33,0x20,0x31,0x35,0x2e,0x36,
  0x33,0x33,0x38,0x20,0x31,0x39,0x2e,0x38,0x30,0x33,0x33,0x20,0x31,0x35,0x2e,0x39,
  0x30,0x39,0x39,0x56,0x31,0x39,0x2e,0x38,0x30,0x33,0x33,0x48,0x31,0x35,0x2e,0x39,
  0x30,0x39,0x39,0x5a,0x22,0x20,0x66,0x69,0x6c,0x6c,0x3d,0x22,0x23,0x45,0x44,0x45,
  0x44,0x45,0x44,0x22,0x2f,0x3e,0xa,0x3c,0x2f,0x67,0x3e,0xa,0x3c,0x2f,0x73,0x76,
  0x67,0x3e,0xa,
    // D:/WriterBoard/icons/Characters.svg
  0x0,0x0,0x5,0xf8,
  0x3c,
  0x73,0x76,0x67,0x20,0x77,0x69,0x64,0x74,0x68,0x3d,0x22,0x34,0x30,0x22,0x20,0x68,
  0x65,0x69,0x67,0x68,0x74,0x3d,0x22,0x34,0x30,0x22,0x20,0x76,0x69,0x65,0x77,0x42,
  0x6f,0x78,0x3d,0x22,0x30,0x20,0x30,0x20,0x34,0x30,0x20,0x34,0x30,0x22,0x20,0x66,
  0x69,0x6c,0x6c,0x3d,0x22,0x6e,0x6f,0x6e,0x65,0x22,0x20,0x78,0x6d,0x6c,0x6e,0x73,
  0x3d,0x22,0x68,0x74,0x74,0x70,0x3a,0x2f,0x2f,0x77,0x77,0x77,0x2e,0x77,0x33,0x2e,
  0x6f,0x72,0x67,0x2f,0x32,0x30,0x30,0x30,0x2f,0x73,0x76,0x67,0x22,0x3e,0xa,0x3c,
  0x67,0x20,0x69,0x64,0x3d,0x22,0x43,0x68,0x61,0x72,0x61,0x63,0x74,0x65,0x72,0x73,
  0x22,0x3e,0xa,0x3c,0x70,0x61,0x74,0x68,0x20,0x69,0x64,0x3d,0x22,0x56,0x65,0x63,
  0x74,0x6f,0x72,0x22,0x20,0x64,0x3d,0x22,0x4d,0x32,0x34,0x20,0x31,0x35,0x43,0x32,
  0x34,0x20,0x31,0x37,0x2e,0x32,0x30,0x39,0x31,0x20,0x32,0x32,0x2e,0x32,0x30,0x39,
  0x31,0x20,0x31,0x39,0x20,0x32,0x30,0x20,0x31,0x39,0x43,0x31,0x37,0x2e,0x37,0x39,
  0x30,0x39,0x20,0x31,0x39,0x20,0x31,0x36,0x20,0x31,0x37,0x2e,0x32,0x30,0x39,0x31,
  0x20,0x31,0x36,0x20,0x31,0x35,0x43,0x31,0x36,0x20,0x31,0x32,0x2e,0x37,0x39,0x30,
  0x39,0x20,0x31,0x37,0x2e,0x37,0x39,0x30,0x39,0x20,0x31,0x31,0x20,0x32,0x30,0x20,
  0x31,0x31,0x43,0x32,0x32,0x2e,0x32,0x30,0x39,0x31,0x20,0x31,0x31,0x20,0x32,0x34,
  0x20,0x31,0x32,0x2e,0x37,0x39,0x30,0x39,0x20,0x32,0x34,0x20,0x31,0x35,0x5a,0x22,
  0x20,0x66,0x69,0x6c,0x6c,0x3d,0x22,0x23,0x45,0x44,0x45,0x44,0x45,0x44,0x22,0x2f,
  0x3e,0xa,0x3c,0x70,0x61,0x74,0x68,0x20,0x69,0x64,0x3d,0x22,0x56,0x65,0x63,0x74,
  0x6f,0x72,0x5f,0x32,0x22,0x20,0x64,0x3d,0x22,0x4d,0x32,0x36,0x20,0x32,0x35,0x43,
  0x32,0x36,0x20,0x32,0x37,0x2e,0x32,0x30,0x39,0x31,0x20,0x32,0x33,0x2e,0x33,0x31,
  0x33,0x37,0x20,0x32,0x39,0x20,0x32,0x30,0x20,0x32,0x39,0x43,0x31,0x36,0x2e,0x36,
  0x38,0x36,0x33,0x20,0x32,0x39,0x20,0x31,0x34,0x20,0x32,0x37,0x2e,0x32,0x30,0x39,
  0x31,0x20,0x31,0x34,0x20,0x32,0x35,0x43,0x31,0x34,0x20,0x32,0x32,0x2e,0x37,0x39,
  0x30,0x39,0x20,0x31,0x36,0x2e,0x36,0x38,0x36,0x33,0x20,0x32,0x31,0x20,0x32,0x30,
  0x20,0x32,0x31,0x43,0x32,0x33,0x2e,0x33,0x31,0x33,0x37,0x20,0x32,0x31,0x20,0x32,
  0x36,0x20,0x32,0x32,0x2e,0x37,0x39,0x30,0x39,0x20,0x32,0x36,0x20,0x32,0x35,0x5a,
  0x22,0x20,0x66,0x69,0x6c,0x6c,0x3d,0x22,0x23,0x45,0x44,0x45,0x44,0x45,0x44,0x22,
  0x2f,0x3e,0xa,0x3c,0x67,0x20,0x69,0x64,0x3d,0x22,0x56,0x65,0x63,0x74,0x6f,0x72,
  0x5f,0x33,0x22,0x3e,0xa,0x3c,0x70,0x61,0x74,0x68,0x20,0x64,0x3d,0x22,0x4d,0x31,
  0x34,0x2e,0x34,0x34,0x38,0x39,0x20,0x31,0x33,0x43,0x31,0x34,0x2e,0x36,0x33,0x37,
  0x37,0x20,0x31,0x33,0x20,0x31,0x34,0x2e,0x38,0x32,0x32,0x20,0x31,0x33,0x2e,0x30,
  0x31,0x37,0x34,0x20,0x31,0x35,0x20,0x31,0x33,0x2e,0x30,0x35,0x30,0x36,0x43,0x31,
  0x34,0x2e,0x35,0x36,0x36,0x34,0x20,0x31,0x33,0x2e,0x37,0x37,0x35,0x32,0x20,0x31,
  0x34,0x2e,0x33,0x31,0x39,0x31,0x20,0x31,0x34,0x2e,0x36,0x31,0x31,0x37,0x20,0x31,
  0x34,0x2e,0x33,0x31,0x39,0x31,0x20,0x31,0x35,0x2e,0x35,0x30,0x32,0x35,0x43,0x31,
  0x34,0x2e,0x33,0x31,0x39,0x31,0x20,0x31,0x36,0x2e,0x33,0x37,0x31,0x36,0x20,0x31,
  0x34,0x2e,0x35,0x35,0x34,0x35,0x20,0x31,0x37,0x2e,0x31,0x38,0x39,0x20,0x31,0x34,
  0x2e,0x39,0x36,0x38,0x37,0x20,0x31,0x37,0x2e,0x39,0x30,0x31,0x33,0x43,0x31,0x34,
  0x2e,0x38,0x30,0x30,0x34,0x20,0x31,0x37,0x2e,0x39,0x33,0x30,0x38,0x20,0x31,0x34,
  0x2e,0x36,0x32,0x36,0x37,0x20,0x31,0x37,0x2e,0x39,0x34,0x36,0x32,0x20,0x31,0x34,
  0x2e,0x34,0x34,0x38,0x39,0x20,0x31,0x37,0x2e,0x39,0x34,0x36,0x32,0x43,0x31,0x32,
  0x2e,0x39,0x34,0x34,0x33,0x20,0x31,0x37,0x2e,0x39,0x34,0x36,0x32,0x20,0x31,0x31,
  0x2e,0x37,0x32,0x34,0x35,0x20,0x31,0x36,0x2e,0x38,0x33,0x39,0x20,0x31,0x31,0x2e,
  0x37,0x32,0x34,0x35,0x20,0x31,0x35,0x2e,0x34,0x37,0x33,0x31,0x43,0x31,0x31,0x2e,
  0x37,0x32,0x34,0x35,0x20,0x31,0x34,0x2e,0x31,0x30,0x37,0x32,0x20,0x31,0x32,0x2e,
  0x39,0x34,0x34,0x33,0x20,0x31,0x33,0x20,0x31,0x34,0x2e,0x34,0x34,0x38,0x39,0x20,
  0x31,0x33,0x5a,0x22,0x20,0x66,0x69,0x6c,0x6c,0x3d,0x22,0x23,0x45,0x44,0x45,0x44,
  0x45,0x44,0x22,0x2f,0x3e,0xa,0x3c,0x70,0x61,0x74,0x68,0x20,0x64,0x3d,0x22,0x4d,
  0x31,0x32,0x2e,0x36,0x36,0x37,0x33,0x20,0x32,0x37,0x43,0x31,0x32,0x2e,0x30,0x36,
  0x33,0x32,0x20,0x32,0x36,0x2e,0x33,0x32,0x30,0x34,0x20,0x31,0x31,0x2e,0x36,0x35,
  0x39,0x35,0x20,0x32,0x35,0x2e,0x34,0x38,0x36,0x35,0x20,0x31,0x31,0x2e,0x36,0x35,
  0x39,0x35,0x20,0x32,0x34,0x2e,0x35,0x31,0x31,0x35,0x43,0x31,0x31,0x2e,0x36,0x35,
  0x39,0x35,0x20,0x32,0x33,0x2e,0x35,0x36,0x36,0x34,0x20,0x31,0x32,0x2e,0x30,0x33,
  0x38,0x39,0x20,0x32,0x32,0x2e,0x37,0x35,0x33,0x38,0x20,0x31,0x32,0x2e,0x36,0x31,
  0x32,0x35,0x20,0x32,0x32,0x2e,0x30,0x38,0x35,0x38,0x43,0x31,0x30,0x2e,0x35,0x38,
  0x36,0x33,0x20,0x32,0x32,0x2e,0x32,0x33,0x33,0x37,0x20,0x39,0x20,0x32,0x33,0x2e,
  0x32,0x37,0x36,0x35,0x20,0x39,0x20,0x32,0x34,0x2e,0x35,0x34,0x31,0x43,0x39,0x20,
  0x32,0x35,0x2e,0x38,0x31,0x37,0x33,0x20,0x31,0x30,0x2e,0x36,0x31,0x34,0x31,0x20,
  0x32,0x36,0x2e,0x38,0x36,0x37,0x37,0x20,0x31,0x32,0x2e,0x36,0x36,0x37,0x33,0x20,
  0x32,0x37,0x5a,0x22,0x20,0x66,0x69,0x6c,0x6c,0x3d,0x22,0x23,0x45,0x44,0x45,0x44,
  0x45,0x44,0x22,0x2f,0x3e,0xa,0x3c,0x2f,0x67,0x3e,0xa,0x3c,0x67,0x20,0x69,0x64,
  0x3d,0x22,0x56,0x65,0x63,0x74,0x6f,0x72,0x5f,0x34,0x22,0x3e,0xa,0x3c,0x70,0x61,
  0x74,0x68,0x20,0x64,0x3d,0x22,0x4d,0x32,0x35,0x2e,0x36,0x38,0x30,0x39,0x20,0x31,
  0x35,0x2e,0x35,0x30,0x32,0x35,0x43,0x32,0x35,0x2e,0x36,0x38,0x30,0x39,0x20,0x31,
  0x36,0x2e,0x33,0x37,0x31,0x36,0x20,0x32,0x35,0x2e,0x34,0x34,0x35,0x35,0x20,0x31,
  0x37,0x2e,0x31,0x38,0x39,0x20,0x32,0x35,0x2e,0x30,0x33,0x31,0x33,0x20,0x31,0x37,
  0x2e,0x39,0x30,0x31,0x33,0x43,0x32,0x35,0x2e,0x31,0x39,0x39,0x36,0x20,0x31,0x37,
  0x2e,0x39,0x33,0x30,0x38,0x20,0x32,0x35,0x2e,0x33,0x37,0x33,0x33,0x20,0x31,0x37,
  0x2e,0x39,0x34,0x36,0x32,0x20,0x32,0x35,0x2e,0x35,0x35,0x31,0x31,0x20,0x31,0x37,
  0x2e,0x39,0x34,0x36,0x32,0x43,0x32,0x37,0x2e,0x30,0x35,0x35,0x37,0x20,0x31,0x37,
  0x2e,0x39,0x34,0x36,0x32,0x20,0x32,0x38,0x2e,0x32,0x37,0x35,0x35,0x20,0x31,0x36,
  0x2e,0x38,0x33,0x39,0x20,0x32,0x38,0x2e,0x32,0x37,0x35,0x35,0x20,0x31,0x35,0x2e,
  0x34,0x37,0x33,0x31,0x43,0x32,0x38,0x2e,0x32,0x37,0x35,0x35,0x20,0x31,0x34,0x2e,
  0x31,0x30,0x37,0x32,0x20,0x32,0x37,0x2e,0x30,0x35,0x35,0x37,0x20,0x31,0x33,0x20,
  0x32,0x35,0x2e,0x35,0x35,0x31,0x31,0x20,0x31,0x33,0x43,0x32,0x35,0x2e,0x33,0x36,
  0x32,0x33,0x20,0x31,0x33,0x20,0x32,0x35,0x2e,0x31,0x37,0x38,0x20,0x31,0x33,0x2e,
  0x30,0x31,0x37,0x34,0x20,0x32,0x35,0x20,0x31,0x33,0x2e,0x30,0x35,0x30,0x36,0x43,
  0x32,0x35,0x2e,0x34,0x33,0x33,0x36,0x20,0x31,0x33,0x2e,0x37,0x37,0x35,0x32,0x20,
  0x32,0x35,0x2e,0x36,0x38,0x30,0x39,0x20,0x31,0x34,0x2e,0x36,0x31,0x31,0x37,0x20,
  0x32,0x35,0x2e,0x36,0x38,0x30,0x39,0x20,0x31,0x35,0x2e,0x35,0x30,0x32,0x35,0x5a,
  0x22,0x20,0x66,0x69,0x6c,0x6c,0x3d,0x22,0x23,0x45,0x44,0x45,0x44,0x45,0x44,0x22,
  0x2f,0x3e,0xa,0x3c,0x70,0x61,0x74,0x68,0x20,0x64,0x3d,0x22,0x4d,0x32,0x37,0x2e,
  0x33,0x33,0x32,0x37,0x20,0x32,0x37,0x43,0x32,0x39,0x2e,0x33,0x38,0x35,0x39,0x20,
  0x32,0x36,0x2e,0x38,0x36,0x37,0x37,0x20,0x33,0x31,0x20,0x32,0x35,0x2e,0x38,0x31,
  0x37,0x33,0x20,0x33,0x31,0x20,0x32,0x34,0x2e,0x35,0x34,0x31,0x43,0x33,0x31,0x20,
  0x32,0x33,0x2e,0x32,0x37,0x36,0x35,0x20,0x32,0x39,0x2e,0x34,0x31,0x33,0x37,0x20,
  0x32,0x32,0x2e,0x32,0x33,0x33,0x37,0x20,0x32,0x37,0x2e,0x33,0x38,0x37,0x35,0x20,
  0x32,0x32,0x2e,0x30,0x38,0x35,0x38,0x43,0x32,0x37,0x2e,0x39,0x36,0x31,0x31,0x20,
  0x32,0x32,0x2e,0x37,0x35,0x33,0x38,0x20,0x32,0x38,0x2e,0x33,0x34,0x30,0x35,0x20,
  0x32,0x33,0x2e,0x35,0x36,0x36,0x34,0x20,0x32,0x38,0x2e,0x33,0x34,0x30,0x35,0x20,
  0x32,0x34,0x2e,0x35,0x31,0x31,0x35,0x43,0x32,0x38,0x2e,0x33,0x34,0x30,0x35,0x20,
  0x32,0x35,0x2e,0x34,0x38,0x36,0x35,0x20,0x32,0x37,0x2e,0x39,0x33,0x36,0x38,0x20,
  0x32,0x36,0x2e,0x33,0x32,0x30,0x34,0x20,0x32,0x37,0x2e,0x33,0x33,0x32,0x37,0x20,
  0x32,0x37,0x5a,0x22,0x20,0x66,0x69,0x6c,0x6c,0x3d,0x22,0x23,0x45,0x44,0x45,0x44,
  0x45,0x44,0x22,0x2f,0x3e,0xa,0x3c,0x2f,0x67,0x3e,0xa,0x3c,0x2f,0x67,0x3e,0xa,
  0x3c,0x2f,0x73,0x76,0x67,0x3e,0xa,
    // D:/WriterBoard/icons/Writerboard (Copy).zip
  0x0,0x0,0x4,0x9f,
  0x50,
  0x4b,0x3,0x4,0xa,0x0,0x0,0x0,0x8,0x0,0x43,0x87,0x46,0x59,0x9b,0x2e,0x6f,
  0xc,0xe9,0x3,0x0,0x0,0x4,0x8,0x0,0x0,0x2a,0x0,0x0,0x0,0x4f,0x75,0x74,
  0x6c,0x69,0x6e,0x65,0x2f,0x4d,0x65,0x73,0x73,0x61,0x67,0x65,0x73,0x2c,0x20,0x43,
  0x6f,0x6e,0x76,0x65,0x72,0x73,0x61,0x74,0x69,0x6f,0x6e,0x2f,0x46,0x6f,0x72,0x77,
  0x61,0x72,0x64,0x2e,0x73,0x76,0x67,0x5d,0x55,0xcb,0x6e,0xe3,0x46,0x10,0xbc,0xef,
  0x57,0x10,0xca,0x35,0xa1,0x66,0xfa,0x35,0xd3,0xc1,0x6a,0xf,0x61,0x92,0x93,0x8d,
  0xdc,0x7c,0xd8,0x9b,0xb1,0x66,0x64,0x1,0x8a,0x64,0x48,0x5a,0x6b,0x3f,0x3f,0xd5,
  0x43,0x52,0x56,0x62,0x3,0xb6,0x8a,0xc3,0xe9,0x47,0x55,0x75,0xeb,0xf3,0xf9,0x7d,
  0xdb,0x5d,0x77,0x2f,0x97,0xd7,0xcd,0x2a,0xd7,0x55,0xf7,0x3a,0xee,0xb6,0xaf,0x97,
  0xe9,0xf3,0xfb,0x6e,0xbc,0xfe,0x76,0xfc,0xb1,0x59,0xa5,0x2e,0x75,0xb9,0x76,0xf1,
  0xec,0xef,0xdd,0x7e,0xbf,0x59,0x1d,0x8e,0x87,0x71,0xd5,0xfd,0xf8,0x67,0x7f,0x38,
  0x6f,0x56,0xaf,0x97,0xcb,0xdb,0xaf,0xeb,0xf5,0xf5,0x7a,0xed,0xaf,0xdc,0x1f,0x4f,
  0xdb,0x35,0xa5,0x94,0xd6,0x8,0xbc,0xfa,0xf2,0xe9,0xf3,0xb6,0xdb,0xbd,0x6c,0x56,
  0x7f,0x7d,0xbf,0xec,0x77,0x87,0xb1,0x5b,0x77,0x8f,0xe3,0xf9,0xfc,0xbc,0x1d,0xcf,
  0x3f,0x77,0xc3,0xf1,0xf0,0x3e,0x9e,0xce,0xcf,0x97,0xdd,0xf1,0x80,0x83,0x3f,0x8f,
  0xa7,0xeb,0xf3,0xe9,0x25,0xee,0xbc,0x3d,0x5f,0x5e,0xdb,0xb5,0xa7,0xf1,0xdb,0xe5,
  0x78,0x9a,0xb2,0xfe,0x72,0xfa,0xbe,0x1f,0x37,0xab,0xf1,0x7d,0x3c,0x1c,0x5f,0x5e,
  0x56,0xdd,0xb7,0xfd,0xee,0xed,0xff,0xcf,0x70,0xe5,0x31,0xe7,0x9e,0x85,0x3b,0xee,
  0xcd,0x98,0x6d,0x8,0xa8,0x64,0x81,0x4b,0x76,0xee,0x2,0x1b,0xb5,0xf3,0x9a,0x94,
  0x1a,0x2e,0xd4,0xa0,0x67,0x7e,0xc8,0xd2,0x73,0xc5,0xb1,0xe1,0x2d,0x4d,0x79,0x0,
  0x76,0x91,0xc,0x5c,0x4d,0x8,0x1c,0x68,0x2f,0xc9,0x4b,0x57,0x7a,0x2a,0x35,0x5b,
  0xe0,0x42,0x2e,0xc0,0xa6,0x5c,0xeb,0x90,0xad,0x4f,0xa6,0xd2,0xd5,0x3e,0x49,0x2d,
  0x38,0x47,0xa0,0x24,0x5,0x58,0xa,0x57,0xbf,0xc3,0x8e,0x9f,0x32,0x2c,0xd8,0x7b,
  0x14,0x99,0xb4,0x5b,0xee,0x7b,0xef,0x9a,0xb3,0xdf,0xe2,0xe7,0x84,0xae,0xc,0xf5,
  0xcc,0xf9,0x81,0xb,0x85,0x26,0x73,0x7d,0x68,0x23,0xb3,0x96,0x6e,0xa9,0x1f,0xd8,
  0x58,0xfc,0x61,0x6e,0x2f,0x1e,0xe7,0x54,0x87,0xa5,0xfb,0x86,0x23,0xec,0xcc,0x4e,
  0xe0,0xe8,0x6e,0xe2,0x2e,0x10,0x5b,0xe3,0x2e,0xb9,0xb7,0xa0,0xaa,0xe4,0x91,0xb4,
  0x96,0xe9,0xed,0xa2,0xd2,0xb0,0x15,0x93,0xc0,0xb5,0x8a,0xc,0xc0,0x52,0xb9,0x44,
  0xd1,0x29,0x7,0x39,0x9,0x45,0xb1,0x4,0xce,0x6e,0xd1,0x54,0x41,0xf1,0xda,0xce,
  0x9,0xe4,0x3a,0xb2,0xd5,0x88,0x83,0xfb,0xc2,0x8e,0x73,0x2,0x89,0x1a,0x58,0x14,
  0x5a,0x1,0x53,0xf2,0x56,0x3d,0x31,0xaa,0xf7,0x3e,0xd7,0x82,0x70,0xc,0xf2,0x6a,
  0xee,0x26,0xd8,0xb0,0xb9,0xd0,0x84,0x35,0x20,0x5b,0xb5,0xe1,0xe,0xaa,0x96,0xfb,
  0xd3,0x10,0xf2,0xe,0x92,0xd7,0xa7,0x4c,0x7d,0x56,0x96,0x1,0xba,0x79,0xad,0x60,
  0x82,0x90,0x1b,0xa5,0x18,0x52,0x69,0x10,0x48,0xbd,0x66,0xe8,0x9,0x79,0x38,0x95,
  0x12,0xd8,0x6b,0xa9,0x3,0x2a,0x77,0x4b,0x16,0x71,0x54,0x52,0x81,0x8f,0xbc,0x7a,
  0x95,0x89,0x50,0x9,0x2c,0x5e,0x53,0xa3,0x80,0x2c,0xcb,0x80,0x74,0xa5,0x94,0x86,
  0xc5,0x53,0xd8,0x12,0x44,0x19,0x5,0xb6,0x84,0x9e,0x8,0x3e,0x53,0x6e,0x14,0x69,
  0xe8,0x4d,0x3d,0x6e,0xa5,0xc9,0x77,0x15,0x3d,0x52,0x2f,0x5c,0xda,0x31,0x29,0xca,
  0xbc,0xc1,0x61,0xf9,0x94,0x27,0xea,0x38,0xfc,0xa6,0x41,0x21,0xda,0x42,0xbd,0xb0,
  0x89,0xa,0x2e,0x94,0xbe,0xb0,0xc9,0x60,0x3d,0x9,0xf2,0xa1,0x1d,0x4d,0x93,0x9d,
  0x6b,0x76,0xbc,0xa6,0x68,0x57,0xd2,0x8d,0x4a,0x85,0xae,0xc5,0xf9,0x49,0xa0,0x33,
  0x14,0x5d,0x28,0x5,0xd4,0x92,0xb5,0xfb,0x80,0x22,0x44,0x77,0x90,0x33,0xd3,0xb0,
  0xc8,0x3,0x26,0x52,0x50,0x38,0xab,0x27,0x7d,0x4a,0xb9,0xca,0x4d,0x5c,0xee,0x8b,
  0x39,0x1a,0x58,0xc4,0x6f,0x44,0x5a,0x4,0x9f,0xcc,0x1,0x86,0x34,0x26,0x63,0x31,
  0xf,0x88,0x2f,0x5e,0x69,0x58,0xcc,0x5,0xc6,0x12,0x6b,0xed,0x16,0xf3,0x85,0x30,
  0x35,0x18,0x9c,0xcd,0x19,0xc,0xab,0xea,0xb0,0x98,0x97,0xd1,0xba,0xa6,0xe6,0xf5,
  0x66,0x6e,0x30,0x5,0x9d,0xfe,0xbb,0x35,0xbe,0x3e,0xc6,0xbc,0x65,0xa9,0xa8,0x96,
  0x14,0xf5,0xc5,0x6d,0x76,0xb7,0x68,0x86,0x13,0x37,0x6b,0x7,0x73,0xc0,0x10,0x25,
  0x52,0x81,0x4f,0x0,0x4c,0x89,0x97,0x87,0x30,0x64,0xe2,0x20,0x3b,0xc7,0x92,0x88,
  0x25,0x42,0x9,0xe7,0x20,0x3f,0xd3,0x34,0x7d,0x96,0x63,0x45,0x14,0xe1,0xe6,0xee,
  0x56,0x58,0x8d,0xc9,0x75,0x8d,0x11,0xcf,0x84,0xd4,0x15,0xf5,0xfb,0x64,0x85,0x5c,
  0x3c,0x56,0x46,0xd5,0xc8,0xf2,0x81,0xe7,0x15,0x32,0x63,0xf0,0x2b,0x45,0xda,0xca,
  0xc0,0xfd,0x98,0x26,0xa6,0x64,0xb7,0xf0,0x8e,0x9c,0xe6,0x3e,0x4c,0xc9,0xb1,0x5f,
  0x48,0xad,0x95,0xd2,0x4a,0x43,0xb,0x54,0xc3,0xd7,0x73,0xe9,0xc1,0x16,0xf6,0xcb,
  0xc3,0xd2,0x5a,0xe,0x43,0xd,0x4b,0xd7,0xe1,0xf6,0xf6,0x4e,0xe3,0x24,0xee,0x98,
  0xb7,0x18,0x8d,0x33,0xe0,0x22,0xc4,0x8d,0xb3,0x4c,0xd,0x1b,0xa7,0xf9,0x9c,0xda,
  0xcc,0x9,0xdc,0x78,0x8f,0xa7,0x19,0xcc,0x3d,0x6c,0x25,0xc3,0xed,0x79,0xc6,0xcc,
  0xa4,0xb6,0xeb,0x52,0xfb,0xf,0xc5,0x52,0x8d,0xc6,0x26,0xa3,0x7,0xc0,0xc0,0x72,
  0x8e,0xf1,0x5e,0xe,0xb1,0xa8,0xd1,0xbc,0x4d,0x82,0x62,0xc3,0x61,0x8e,0x18,0x7e,
  0x9,0xec,0xc5,0x34,0x6,0x16,0x73,0xd0,0x6,0x18,0x49,0x28,0x4,0x4e,0x25,0x58,
  0x26,0x4c,0x6,0x9a,0x8a,0x5e,0xda,0xc2,0xd,0x9f,0x90,0x61,0x60,0x9d,0x5d,0x9b,
  0xc6,0x58,0x4,0xdc,0xc5,0xea,0xb3,0xb6,0x7c,0x4,0x6a,0x11,0xe2,0x17,0x26,0xc,
  0x70,0x85,0x6d,0x1d,0xef,0x63,0x61,0x48,0xb1,0xd0,0x9a,0xab,0xb5,0xbd,0x5f,0xa9,
  0x52,0xdb,0x23,0x39,0xc9,0x54,0xfb,0xc,0x86,0xa5,0xb1,0xe5,0x70,0x69,0xdc,0x10,
  0xd3,0x29,0xdf,0x61,0x6c,0x2c,0x95,0xdb,0x18,0x2e,0xcf,0xe1,0xb7,0x24,0xb3,0x10,
  0x41,0x34,0xcc,0x69,0xce,0x1f,0x42,0xcc,0xe6,0xfd,0xba,0x7c,0x6d,0xff,0xf4,0xc7,
  0xef,0xf1,0xbb,0x5a,0xe3,0x3b,0x76,0xbd,0x8d,0x3f,0xf8,0x92,0xfe,0xf2,0xe9,0x5f,
  0x50,0x4b,0x1,0x2,0x14,0x0,0xa,0x0,0x0,0x0,0x8,0x0,0x43,0x87,0x46,0x59,
  0x9b,0x2e,0x6f,0xc,0xe9,0x3,0x0,0x0,0x4,0x8,0x0,0x0,0x2a,0x0,0x0,0x0,
  0x0,0x0,0x0,0x0,0x0,0x0,0x0,0x0,0x0,0x0,0x0,0x0,0x0,0x0,0x4f,0x75,
  0x74,0x6c,0x69,0x6e,0x65,0x2f,0x4d,0x65,0x73,0x73,0x61,0x67,0x65,0x73,0x2c,0x20,
  0x43,0x6f,0x6e,0x76,0x65,0x72,0x73,0x61,0x74,0x69,0x6f,0x6e,0x2f,0x46,0x6f,0x72,
  0x77,0x61,0x72,0x64,0x2e,0x73,0x76,0x67,0x50,0x4b,0x5,0x6,0x0,0x0,0x0,0x0,
  0x1,0x0,0x1,0x0,0x58,0x0,0x0,0x0,0x31,0x4,0x0,0x0,0x0,0x0,
    // D:/WriterBoard/icons/Close.svg
  0x0,0x0,0x3,0x39,
  0x3c,
  0x73,0x76,0x67,0x20,0x77,0x69,0x64,0x74,0x68,0x3d,0x22,0x32,0x34,0x22,0x20,0x68,
  0x65,0x69,0x67,0x68,0x74,0x3d,0x22,0x32,0x34,0x22,0x20,0x76,0x69,0x65,0x77,0x42,
  0x6f,0x78,0x3d,0x22,0x30,0x20,0x30,0x20,0x32,0x34,0x20,0x32,0x34,0x22,0x20,0x66,
  0x69,0x6c,0x6c,0x3d,0x22,0x6e,0x6f,0x6e,0x65,0x22,0x20,0x78,0x6d,0x6c,0x6e,0x73,
  0x3d,0x22,0x68,0x74,0x74,0x70,0x3a,0x2f,0x2f,0x77,0x77,0x77,0x2e,0x77,0x33,0x2e,
  0x6f,0x72,0x67,0x2f,0x32,0x30,0x30,0x30,0x2f,0x73,0x76,0x67,0x22,0x3e,0xa,0x3c,
  0x67,0x20,0x69,0x64,0x3d,0x22,0x69,0x63,0x6f,0x6e,0x5f,0x6c,0x69,0x6e,0x65,0x2f,
  0x43,0x6c,0x6f,0x73,0x65,0x22,0x3e,0xa,0x3c,0x67,0x20,0x69,0x64,0x3d,0x22,0x47,
  0x72,0x6f,0x75,0x70,0x20,0x33,0x33,0x35,0x30,0x34,0x22,0x3e,0xa,0x3c,0x70,0x61,
  0x74,0x68,0x20,0x69,0x64,0x3d,0x22,0x56,0x65,0x63,0x74,0x6f,0x72,0x20,0x31,0x31,
  0x20,0x28,0x53,0x74,0x72,0x6f,0x6b,0x65,0x29,0x22,0x20,0x66,0x69,0x6c,0x6c,0x2d,
  0x72,0x75,0x6c,0x65,0x3d,0x22,0x65,0x76,0x65,0x6e,0x6f,0x64,0x64,0x22,0x20,0x63,
  0x6c,0x69,0x70,0x2d,0x72,0x75,0x6c,0x65,0x3d,0x22,0x65,0x76,0x65,0x6e,0x6f,0x64,
  0x64,0x22,0x20,0x64,0x3d,0x22,0x4d,0x35,0x2e,0x32,0x39,0x32,0x38,0x39,0x20,0x35,
  0x2e,0x32,0x39,0x32,0x38,0x39,0x43,0x35,0x2e,0x36,0x38,0x33,0x34,0x32,0x20,0x34,
  0x2e,0x39,0x30,0x32,0x33,0x37,0x20,0x36,0x2e,0x33,0x31,0x36,0x35,0x38,0x20,0x34,
  0x2e,0x39,0x30,0x32,0x33,0x37,0x20,0x36,0x2e,0x37,0x30,0x37,0x31,0x31,0x20,0x35,
  0x2e,0x32,0x39,0x32,0x38,0x39,0x4c,0x31,0x38,0x2e,0x37,0x30,0x37,0x31,0x20,0x31,
  0x37,0x2e,0x32,0x39,0x32,0x39,0x43,0x31,0x39,0x2e,0x30,0x39,0x37,0x36,0x20,0x31,
  0x37,0x2e,0x36,0x38,0x33,0x34,0x20,0x31,0x39,0x2e,0x30,0x39,0x37,0x36,0x20,0x31,
  0x38,0x2e,0x33,0x31,0x36,0x36,0x20,0x31,0x38,0x2e,0x37,0x30,0x37,0x31,0x20,0x31,
  0x38,0x2e,0x37,0x30,0x37,0x31,0x43,0x31,0x38,0x2e,0x33,0x31,0x36,0x36,0x20,0x31,
  0x39,0x2e,0x30,0x39,0x37,0x36,0x20,0x31,0x37,0x2e,0x36,0x38,0x33,0x34,0x20,0x31,
  0x39,0x2e,0x30,0x39,0x37,0x36,0x20,0x31,0x37,0x2e,0x32,0x39,0x32,0x39,0x20,0x31,
  0x38,0x2e,0x37,0x30,0x37,0x31,0x4c,0x35,0x2e,0x32,0x39,0x32,0x38,0x39,0x20,0x36,
  0x2e,0x37,0x30,0x37,0x31,0x31,0x43,0x34,0x2e,0x39,0x30,0x32,0x33,0x37,0x20,0x36,
  0x2e,0x33,0x31,0x36,0x35,0x38,0x20,0x34,0x2e,0x39,0x30,0x32,0x33,0x37,0x20,0x35,
  0x2e,0x36,0x38,0x33,0x34,0x32,0x20,0x35,0x2e,0x32,0x39,0x32,0x38,0x39,0x20,0x35,
  0x2e,0x32,0x39,0x32,0x38,0x39,0x5a,0x22,0x20,0x66,0x69,0x6c,0x6c,0x3d,0x22,0x23,
  0x45,0x44,0x45,0x44,0x45,0x44,0x22,0x2f,0x3e,0xa,0x3c,0x70,0x61,0x74,0x68,0x20,
  0x69,0x64,0x3d,0x22,0x56,0x65,0x63,0x74,0x6f,0x72,0x20,0x31,0x32,0x20,0x28,0x53,
  0x74,0x72,0x6f,0x6b,0x65,0x29,0x22,0x20,0x66,0x69,0x6c,0x6c,0x2d,0x72,0x75,0x6c,
  0x65,0x3d,0x22,0x65,0x76,0x65,0x6e,0x6f,0x64,0x64,0x22,0x20,0x63,0x6c,0x69,0x70,
  0x2d,0x72,0x75,0x6c,0x65,0x3d,0x22,0x65,0x76,0x65,0x6e,0x6f,0x64,0x64,0x22,0x20,
  0x64,0x3d,0x22,0x4d,0x31,0x38,0x2e,0x37,0x30,0x37,0x31,0x20,0x35,0x2e,0x32,0x39,
  0x32,0x38,0x39,0x43,0x31,0x38,0x2e,0x33,0x31,0x36,0x36,0x20,0x34,0x2e,0x39,0x30,
  0x32,0x33,0x37,0x20,0x31,0x37,0x2e,0x36,0x38,0x33,0x34,0x20,0x34,0x2e,0x39,0x30,
  0x32,0x33,0x37,0x20,0x31,0x37,0x2e,0x32,0x39,0x32,0x39,0x20,0x35,0x2e,0x32,0x39,
  0x32,0x38,0x39,0x4c,0x35,0x2e,0x32,0x39,0x32,0x38,0x39,0x20,0x31,0x37,0x2e,0x32,
  0x39,0x32,0x39,0x43,0x34,0x2e,0x39,0x30,0x32,0x33,0x37,0x20,0x31,0x37,0x2e,0x36,
  0x38,0x33,0x34,0x20,0x34,0x2e,0x39,0x30,0x32,0x33,0x37,0x20,0x31,0x38,0x2e,0x33,
  0x31,0x36,0x36,0x20,0x35,0x2e,0x32,0x39,0x32,0x38,0x39,0x20,0x31,0x38,0x2e,0x37,
  0x30,0x37,0x31,0x43,0x35,0x2e,0x36,0x38,0x33,0x34,0x32,0x20,0x31,0x39,0x2e,0x30,
  0x39,0x37,0x36,0x20,0x36,0x2e,0x33,0x31,0x36,0x35,0x38,0x20,0x31,0x39,0x2e,0x30,
  0x39,0x37,0x36,0x20,0x36,0x2e,0x37,0x30,0x37,0x31,0x31,0x20,0x31,0x38,0x2e,0x37,
  0x30,0x37,0x31,0x4c,0x31,0x38,0x2e,0x37,0x30,0x37,0x31,0x20,0x36,0x2e,0x37,0x30,
  0x37,0x31,0x31,0x43,0x31,0x39,0x2e,0x30,0x39,0x37,0x36,0x20,0x36,0x2e,0x33,0x31,
  0x36,0x35,0x38,0x20,0x31,0x39,0x2e,0x30,0x39,0x37,0x36,0x20,0x35,0x2e,0x36,0x38,
  0x33,0x34,0x32,0x20,0x31,0x38,0x2e,0x37,0x30,0x37,0x31,0x20,0x35,0x2e,0x32,0x39,
  0x32,0x38,0x39,0x5a,0x22,0x20,0x66,0x69,0x6c,0x6c,0x3d,0x22,0x23,0x45,0x44,0x45,
  0x44,0x45,0x44,0x22,0x2f,0x3e,0xa,0x3c,0x2f,0x67,0x3e,0xa,0x3c,0x2f,0x67,0x3e,
  0xa,0x3c,0x2f,0x73,0x76,0x67,0x3e,0xa,
    // D:/WriterBoard/icons/logo - Transparent.svg
  0x0,0x0,0x4,0x52,
  0x3c,
  0x73,0x76,0x67,0x20,0x77,0x69,0x64,0x74,0x68,0x3d,0x22,0x32,0x34,0x22,0x20,0x68,
  0x65,0x69,0x67,0x68,0x74,0x3d,0x22,0x32,0x34,0x22,0x20,0x76,0x69,0x65,0x77,0x42,
  0x6f,0x78,0x3d,0x22,0x30,0x20,0x30,0x20,0x32,0x34,0x20,0x32,0x34,0x22,0x20,0x66,
  0x69,0x6c,0x6c,0x3d,0x22,0x6e,0x6f,0x6e,0x65,0x22,0x20,0x78,0x6d,0x6c,0x6e,0x73,
  0x3d,0x22,0x68,0x74,0x74,0x70,0x3a,0x2f,0x2f,0x77,0x77,0x77,0x2e,0x77,0x33,0x2e,
  0x6f,0x72,0x67,0x2f,0x32,0x30,0x30,0x30,0x2f,0x73,0x76,0x67,0x22,0x3e,0xa,0x3c,
  0x67,0x20,0x69,0x64,0x3d,0x22,0x6c,0x6f,0x67,0x6f,0x20,0x2d,0x20,0x54,0x72,0x61,
  0x6e,0x73,0x70,0x61,0x72,0x65,0x6e,0x74,0x22,0x3e,0xa,0x3c,0x67,0x20,0x69,0x64,
  0x3d,0x22,0x56,0x65,0x63,0x74,0x6f,0x72,0x22,0x3e,0xa,0x3c,0x70,0x61,0x74,0x68,
  0x20,0x64,0x3d,0x22,0x4d,0x31,0x20,0x34,0x2e,0x36,0x35,0x35,0x37,0x34,0x43,0x31,
  0x20,0x34,0x2e,0x32,0x39,0x33,0x35,0x38,0x20,0x31,0x2e,0x33,0x30,0x34,0x39,0x35,
  0x20,0x34,0x20,0x31,0x2e,0x36,0x38,0x31,0x31,0x31,0x20,0x34,0x48,0x36,0x2e,0x33,
  0x38,0x30,0x38,0x31,0x43,0x36,0x2e,0x37,0x35,0x36,0x39,0x37,0x20,0x34,0x20,0x37,
  0x2e,0x30,0x36,0x31,0x39,0x32,0x20,0x34,0x2e,0x32,0x39,0x33,0x35,0x38,0x20,0x37,
  0x2e,0x30,0x36,0x31,0x39,0x32,0x20,0x34,0x2e,0x36,0x35,0x35,0x37,0x34,0x56,0x31,
  0x39,0x2e,0x33,0x34,0x34,0x33,0x43,0x37,0x2e,0x30,0x36,0x31,0x39,0x32,0x20,0x31,
  0x39,0x2e,0x37,0x30,0x36,0x34,0x20,0x36,0x2e,0x37,0x35,0x36,0x39,0x37,0x20,0x32,
  0x30,0x20,0x36,0x2e,0x33,0x38,0x30,0x38,0x31,0x20,0x32,0x30,0x48,0x31,0x2e,0x36,
  0x38,0x31,0x31,0x31,0x43,0x31,0x2e,0x33,0x30,0x34,0x39,0x35,0x20,0x32,0x30,0x20,
  0x31,0x20,0x31,0x39,0x2e,0x37,0x30,0x36,0x34,0x20,0x31,0x20,0x31,0x39,0x2e,0x33,
  0x34,0x34,0x33,0x56,0x34,0x2e,0x36,0x35,0x35,0x37,0x34,0x5a,0x22,0x20,0x66,0x69,
  0x6c,0x6c,0x3d,0x22,0x23,0x45,0x44,0x45,0x44,0x45,0x44,0x22,0x2f,0x3e,0xa,0x3c,
  0x70,0x61,0x74,0x68,0x20,0x64,0x3d,0x22,0x4d,0x31,0x36,0x2e,0x39,0x33,0x38,0x31,
  0x20,0x34,0x2e,0x36,0x35,0x35,0x37,0x34,0x43,0x31,0x36,0x2e,0x39,0x33,0x38,0x31,
  0x20,0x34,0x2e,0x32,0x39,0x33,0x35,0x38,0x20,0x31,0x37,0x2e,0x32,0x34,0x33,0x20,
  0x34,0x20,0x31,0x37,0x2e,0x36,0x31,0x39,0x32,0x20,0x34,0x48,0x32,0x32,0x2e,0x33,
  0x31,0x38,0x39,0x43,0x32,0x32,0x2e,0x36,0x39,0x35,0x31,0x20,0x34,0x20,0x32,0x33,
  0x20,0x34,0x2e,0x32,0x39,0x33,0x35,0x38,0x20,0x32,0x33,0x20,0x34,0x2e,0x36,0x35,
  0x35,0x37,0x34,0x56,0x31,0x39,0x2e,0x33,0x34,0x34,0x33,0x43,0x32,0x33,0x20,0x31,
  0x39,0x2e,0x37,0x30,0x36,0x34,0x20,0x32,0x32,0x2e,0x36,0x39,0x35,0x31,0x20,0x32,
  0x30,0x20,0x32,0x32,0x2e,0x33,0x31,0x38,0x39,0x20,0x32,0x30,0x48,0x31,0x37,0x2e,
  0x36,0x31,0x39,0x32,0x43,0x31,0x37,0x2e,0x32,0x34,0x33,0x20,0x32,0x30,0x20,0x31,
  0x36,0x2e,0x39,0x33,0x38,0x31,0x20,0x31,0x39,0x2e,0x37,0x30,0x36,0x34,0x20,0x31,
  0x36,0x2e,0x39,0x33,0x38,0x31,0x20,0x31,0x39,0x2e,0x33,0x34,0x34,0x33,0x56,0x34,
  0x2e,0x36,0x35,0x35,0x37,0x34,0x5a,0x22,0x20,0x66,0x69,0x6c,0x6c,0x3d,0x22,0x23,
  0x45,0x44,0x45,0x44,0x45,0x44,0x22,0x2f,0x3e,0xa,0x3c,0x70,0x61,0x74,0x68,0x20,
  0x64,0x3d,0x22,0x4d,0x38,0x2e,0x39,0x36,0x39,0x30,0x34,0x20,0x31,0x34,0x2e,0x34,
  0x32,0x36,0x32,0x43,0x38,0x2e,0x39,0x36,0x39,0x30,0x34,0x20,0x31,0x34,0x2e,0x30,
  0x36,0x34,0x31,0x20,0x39,0x2e,0x32,0x37,0x33,0x39,0x39,0x20,0x31,0x33,0x2e,0x37,
  0x37,0x30,0x35,0x20,0x39,0x2e,0x36,0x35,0x30,0x31,0x36,0x20,0x31,0x33,0x2e,0x37,
  0x37,0x30,0x35,0x48,0x31,0x34,0x2e,0x33,0x34,0x39,0x38,0x43,0x31,0x34,0x2e,0x37,
  0x32,0x36,0x20,0x31,0x33,0x2e,0x37,0x37,0x30,0x35,0x20,0x31,0x35,0x2e,0x30,0x33,
  0x31,0x20,0x31,0x34,0x2e,0x30,0x36,0x34,0x31,0x20,0x31,0x35,0x2e,0x30,0x33,0x31,
  0x20,0x31,0x34,0x2e,0x34,0x32,0x36,0x32,0x56,0x31,0x39,0x2e,0x33,0x34,0x34,0x33,
  0x43,0x31,0x35,0x2e,0x30,0x33,0x31,0x20,0x31,0x39,0x2e,0x37,0x30,0x36,0x34,0x20,
  0x31,0x34,0x2e,0x37,0x32,0x36,0x20,0x32,0x30,0x20,0x31,0x34,0x2e,0x33,0x34,0x39,
  0x38,0x20,0x32,0x30,0x48,0x39,0x2e,0x36,0x35,0x30,0x31,0x36,0x43,0x39,0x2e,0x32,
  0x37,0x33,0x39,0x39,0x20,0x32,0x30,0x20,0x38,0x2e,0x39,0x36,0x39,0x30,0x34,0x20,
  0x31,0x39,0x2e,0x37,0x30,0x36,0x34,0x20,0x38,0x2e,0x39,0x36,0x39,0x30,0x34,0x20,
  0x31,0x39,0x2e,0x33,0x34,0x34,0x33,0x56,0x31,0x34,0x2e,0x34,0x32,0x36,0x32,0x5a,
  0x22,0x20,0x66,0x69,0x6c,0x6c,0x3d,0x22,0x23,0x45,0x44,0x45,0x44,0x45,0x44,0x22,
  0x2f,0x3e,0xa,0x3c,0x70,0x61,0x74,0x68,0x20,0x64,0x3d,0x22,0x4d,0x38,0x2e,0x39,
  0x36,0x39,0x30,0x34,0x20,0x38,0x2e,0x32,0x36,0x32,0x32,0x39,0x43,0x38,0x2e,0x39,
  0x36,0x39,0x30,0x34,0x20,0x37,0x2e,0x39,0x30,0x30,0x31,0x34,0x20,0x39,0x2e,0x32,
  0x37,0x33,0x39,0x39,0x20,0x37,0x2e,0x36,0x30,0x36,0x35,0x36,0x20,0x39,0x2e,0x36,
  0x35,0x30,0x31,0x36,0x20,0x37,0x2e,0x36,0x30,0x36,0x35,0x36,0x48,0x31,0x32,0x2e,
  0x37,0x38,0x33,0x33,0x43,0x31,0x33,0x2e,0x31,0x35,0x39,0x35,0x20,0x37,0x2e,0x36,
  0x30,0x36,0x35,0x36,0x20,0x31,0x33,0x2e,0x34,0x36,0x34,0x34,0x20,0x37,0x2e,0x39,
  0x30,0x30,0x31,0x34,0x20,0x31,0x33,0x2e,0x34,0x36,0x34,0x34,0x20,0x38,0x2e,0x32,
  0x36,0x32,0x32,0x39,0x56,0x31,0x31,0x2e,0x32,0x37,0x38,0x37,0x43,0x31,0x33,0x2e,
  0x34,0x36,0x34,0x34,0x20,0x31,0x31,0x2e,0x36,0x34,0x30,0x38,0x20,0x31,0x33,0x2e,
  0x31,0x35,0x39,0x35,0x20,0x31,0x31,0x2e,0x39,0x33,0x34,0x34,0x20,0x31,0x32,0x2e,
  0x37,0x38,0x33,0x33,0x20,0x31,0x31,0x2e,0x39,0x33,0x34,0x34,0x48,0x39,0x2e,0x36,
  0x35,0x30,0x31,0x36,0x43,0x39,0x2e,0x32,0x37,0x33,0x39,0x39,0x20,0x31,0x31,0x2e,
  0x39,0x33,0x34,0x34,0x20,0x38,0x2e,0x39,0x36,0x39,0x30,0x34,0x20,0x31,0x31,0x2e,
  0x36,0x34,0x30,0x38,0x20,0x38,0x2e,0x39,0x36,0x39,0x30,0x34,0x20,0x31,0x31,0x2e,
  0x32,0x37,0x38,0x37,0x56,0x38,0x2e,0x32,0x36,0x32,0x32,0x39,0x5a,0x22,0x20,0x66,
  0x69,0x6c,0x6c,0x3d,0x22,0x23,0x37,0x30,0x42,0x30,0x46,0x42,0x22,0x2f,0x3e,0xa,
  0x3c,0x2f,0x67,0x3e,0xa,0x3c,0x2f,0x67,0x3e,0xa,0x3c,0x2f,0x73,0x76,0x67,0x3e,
  0xa,
    // D:/WriterBoard/icons/Minus.svg
  0x0,0x0,0x1,0x5e,
  0x3c,
  0x73,0x76,0x67,0x20,0x77,0x69,0x64,0x74,0x68,0x3d,0x22,0x32,0x34,0x22,0x20,0x68,
  0x65,0x69,0x67,0x68,0x74,0x3d,0x22,0x32,0x34,0x22,0x20,0x76,0x69,0x65,0x77,0x42,
  0x6f,0x78,0x3d,0x22,0x30,0x20,0x30,0x20,0x32,0x34,0x20,0x32,0x34,0x22,0x20,0x66,
  0x69,0x6c,0x6c,0x3d,0x22,0x6e,0x6f,0x6e,0x65,0x22,0x20,0x78,0x6d,0x6c,0x6e,0x73,
  0x3d,0x22,0x68,0x74,0x74,0x70,0x3a,0x2f,0x2f,0x77,0x77,0x77,0x2e,0x77,0x33,0x2e,
  0x6f,0x72,0x67,0x2f,0x32,0x30,0x30,0x30,0x2f,0x73,0x76,0x67,0x22,0x3e,0xa,0x3c,
  0x67,0x20,0x69,0x64,0x3d,0x22,0x69,0x63,0x6f,0x6e,0x5f,0x6c,0x69,0x6e,0x65,0x2f,
  0x4d,0x69,0x6e,0x75,0x73,0x22,0x3e,0xa,0x3c,0x70,0x61,0x74,0x68,0x20,0x69,0x64,
  0x3d,0x22,0x56,0x65,0x63,0x74,0x6f,0x72,0x20,0x35,0x20,0x28,0x53,0x74,0x72,0x6f,
  0x6b,0x65,0x29,0x22,0x20,0x66,0x69,0x6c,0x6c,0x2d,0x72,0x75,0x6c,0x65,0x3d,0x22,
  0x65,0x76,0x65,0x6e,0x6f,0x64,0x64,0x22,0x20,0x63,0x6c,0x69,0x70,0x2d,0x72,0x75,
  0x6c,0x65,0x3d,0x22,0x65,0x76,0x65,0x6e,0x6f,0x64,0x64,0x22,0x20,0x64,0x3d,0x22,
  0x4d,0x32,0x30,0x20,0x31,0x39,0x4c,0x34,0x20,0x31,0x39,0x43,0x33,0x2e,0x34,0x34,
  0x37,0x37,0x32,0x20,0x31,0x39,0x20,0x33,0x20,0x31,0x38,0x2e,0x35,0x35,0x32,0x33,
  0x20,0x33,0x20,0x31,0x38,0x43,0x33,0x20,0x31,0x37,0x2e,0x34,0x34,0x37,0x37,0x20,
  0x33,0x2e,0x34,0x34,0x37,0x37,0x32,0x20,0x31,0x37,0x20,0x34,0x20,0x31,0x37,0x4c,
  0x32,0x30,0x20,0x31,0x37,0x43,0x32,0x30,0x2e,0x35,0x35,0x32,0x33,0x20,0x31,0x37,
  0x20,0x32,0x31,0x20,0x31,0x37,0x2e,0x34,0x34,0x37,0x37,0x20,0x32,0x31,0x20,0x31,
  0x38,0x43,0x32,0x31,0x20,0x31,0x38,0x2e,0x35,0x35,0x32,0x33,0x20,0x32,0x30,0x2e,
  0x35,0x35,0x32,0x33,0x20,0x31,0x39,0x20,0x32,0x30,0x20,0x31,0x39,0x5a,0x22,0x20,
  0x66,0x69,0x6c,0x6c,0x3d,0x22,0x23,0x45,0x44,0x45,0x44,0x45,0x44,0x22,0x2f,0x3e,
  0xa,0x3c,0x2f,0x67,0x3e,0xa,0x3c,0x2f,0x73,0x76,0x67,0x3e,0xa,
    // D:/WriterBoard/icons/Notepad.svg
  0x0,0x0,0xa,0xfd,
  0x3c,
  0x73,0x76,0x67,0x20,0x77,0x69,0x64,0x74,0x68,0x3d,0x22,0x34,0x30,0x22,0x20,0x68,
  0x65,0x69,0x67,0x68,0x74,0x3d,0x22,0x34,0x30,0x22,0x20,0x76,0x69,0x65,0x77,0x42,
  0x6f,0x78,0x3d,0x22,0x30,0x20,0x30,0x20,0x34,0x30,0x20,0x34,0x30,0x22,0x20,0x66,
  0x69,0x6c,0x6c,0x3d,0x22,0x6e,0x6f,0x6e,0x65,0x22,0x20,0x78,0x6d,0x6c,0x6e,0x73,
  0x3d,0x22,0x68,0x74,0x74,0x70,0x3a,0x2f,0x2f,0x77,0x77,0x77,0x2e,0x77,0x33,0x2e,
  0x6f,0x72,0x67,0x2f,0x32,0x30,0x30,0x30,0x2f,0x73,0x76,0x67,0x22,0x3e,0xa,0x3c,
  0x67,0x20,0x69,0x64,0x3d,0x22,0x4e,0x6f,0x74,0x65,0x70,0x61,0x64,0x22,0x3e,0xa,
  0x3c,0x67,0x20,0x69,0x64,0x3d,0x22,0x56,0x65,0x63,0x74,0x6f,0x72,0x22,0x3e,0xa,
  0x3c,0x70,0x61,0x74,0x68,0x20,0x64,0x3d,0x22,0x4d,0x32,0x34,0x2e,0x35,0x31,0x38,
  0x39,0x20,0x32,0x34,0x2e,0x35,0x30,0x31,0x33,0x43,0x32,0x34,0x2e,0x36,0x39,0x33,
  0x39,0x20,0x32,0x34,0x2e,0x33,0x36,0x34,0x38,0x20,0x32,0x34,0x2e,0x38,0x35,0x32,
  0x36,0x20,0x32,0x34,0x2e,0x32,0x30,0x36,0x31,0x20,0x32,0x35,0x2e,0x31,0x37,0x30,
  0x31,0x20,0x32,0x33,0x2e,0x38,0x38,0x38,0x36,0x4c,0x32,0x39,0x2e,0x31,0x32,0x37,
  0x35,0x20,0x31,0x39,0x2e,0x39,0x33,0x31,0x32,0x43,0x32,0x39,0x2e,0x32,0x32,0x33,
  0x31,0x20,0x31,0x39,0x2e,0x38,0x33,0x35,0x36,0x20,0x32,0x39,0x2e,0x31,0x37,0x39,
  0x33,0x20,0x31,0x39,0x2e,0x36,0x37,0x30,0x38,0x20,0x32,0x39,0x2e,0x30,0x35,0x31,
  0x35,0x20,0x31,0x39,0x2e,0x36,0x32,0x36,0x34,0x43,0x32,0x38,0x2e,0x35,0x38,0x34,
  0x34,0x20,0x31,0x39,0x2e,0x34,0x36,0x34,0x34,0x20,0x32,0x37,0x2e,0x39,0x37,0x36,
  0x37,0x20,0x31,0x39,0x2e,0x31,0x36,0x30,0x31,0x20,0x32,0x37,0x2e,0x34,0x30,0x38,
  0x33,0x20,0x31,0x38,0x2e,0x35,0x39,0x31,0x37,0x43,0x32,0x36,0x2e,0x38,0x33,0x39,
  0x39,0x20,0x31,0x38,0x2e,0x30,0x32,0x33,0x33,0x20,0x32,0x36,0x2e,0x35,0x33,0x35,
  0x36,0x20,0x31,0x37,0x2e,0x34,0x31,0x35,0x36,0x20,0x32,0x36,0x2e,0x33,0x37,0x33,
  0x36,0x20,0x31,0x36,0x2e,0x39,0x34,0x38,0x35,0x43,0x32,0x36,0x2e,0x33,0x32,0x39,
  0x32,0x20,0x31,0x36,0x2e,0x38,0x32,0x30,0x37,0x20,0x32,0x36,0x2e,0x31,0x36,0x34,
  0x34,0x20,0x31,0x36,0x2e,0x37,0x37,0x36,0x39,0x20,0x32,0x36,0x2e,0x30,0x36,0x38,
  0x38,0x20,0x31,0x36,0x2e,0x38,0x37,0x32,0x35,0x4c,0x32,0x32,0x2e,0x31,0x31,0x31,
  0x34,0x20,0x32,0x30,0x2e,0x38,0x32,0x39,0x39,0x43,0x32,0x31,0x2e,0x37,0x39,0x33,
  0x39,0x20,0x32,0x31,0x2e,0x31,0x34,0x37,0x34,0x20,0x32,0x31,0x2e,0x36,0x33,0x35,
  0x32,0x20,0x32,0x31,0x2e,0x33,0x30,0x36,0x31,0x20,0x32,0x31,0x2e,0x34,0x39,0x38,
  0x37,0x20,0x32,0x31,0x2e,0x34,0x38,0x31,0x31,0x43,0x32,0x31,0x2e,0x33,0x33,0x37,
  0x37,0x20,0x32,0x31,0x2e,0x36,0x38,0x37,0x36,0x20,0x32,0x31,0x2e,0x31,0x39,0x39,
  0x36,0x20,0x32,0x31,0x2e,0x39,0x31,0x30,0x39,0x20,0x32,0x31,0x2e,0x30,0x38,0x37,
  0x20,0x32,0x32,0x2e,0x31,0x34,0x37,0x33,0x43,0x32,0x30,0x2e,0x39,0x39,0x31,0x35,
  0x20,0x32,0x32,0x2e,0x33,0x34,0x37,0x36,0x20,0x32,0x30,0x2e,0x39,0x32,0x30,0x35,
  0x20,0x32,0x32,0x2e,0x35,0x36,0x30,0x36,0x20,0x32,0x30,0x2e,0x37,0x37,0x38,0x36,
  0x20,0x32,0x32,0x2e,0x39,0x38,0x36,0x35,0x4c,0x32,0x30,0x2e,0x35,0x39,0x35,0x31,
  0x20,0x32,0x33,0x2e,0x35,0x33,0x36,0x38,0x4c,0x32,0x30,0x2e,0x33,0x30,0x33,0x34,
  0x20,0x32,0x34,0x2e,0x34,0x31,0x31,0x38,0x4c,0x32,0x30,0x2e,0x30,0x32,0x39,0x39,
  0x20,0x32,0x35,0x2e,0x32,0x33,0x32,0x33,0x43,0x31,0x39,0x2e,0x39,0x36,0x30,0x31,
  0x20,0x32,0x35,0x2e,0x34,0x34,0x31,0x39,0x20,0x32,0x30,0x2e,0x30,0x31,0x34,0x36,
  0x20,0x32,0x35,0x2e,0x36,0x37,0x32,0x39,0x20,0x32,0x30,0x2e,0x31,0x37,0x30,0x38,
  0x20,0x32,0x35,0x2e,0x38,0x32,0x39,0x32,0x43,0x32,0x30,0x2e,0x33,0x32,0x37,0x31,
  0x20,0x32,0x35,0x2e,0x39,0x38,0x35,0x34,0x20,0x32,0x30,0x2e,0x35,0x35,0x38,0x31,
  0x20,0x32,0x36,0x2e,0x30,0x33,0x39,0x39,0x20,0x32,0x30,0x2e,0x37,0x36,0x37,0x37,
  0x20,0x32,0x35,0x2e,0x39,0x37,0x30,0x31,0x4c,0x32,0x31,0x2e,0x35,0x38,0x38,0x32,
  0x20,0x32,0x35,0x2e,0x36,0x39,0x36,0x36,0x4c,0x32,0x32,0x2e,0x34,0x36,0x33,0x32,
  0x20,0x32,0x35,0x2e,0x34,0x30,0x34,0x39,0x4c,0x32,0x33,0x2e,0x30,0x31,0x33,0x35,
  0x20,0x32,0x35,0x2e,0x32,0x32,0x31,0x34,0x4c,0x32,0x33,0x2e,0x30,0x31,0x33,0x36,
  0x20,0x32,0x35,0x2e,0x32,0x32,0x31,0x34,0x43,0x32,0x33,0x2e,0x34,0x33,0x39,0x34,
  0x20,0x32,0x35,0x2e,0x30,0x37,0x39,0x35,0x20,0x32,0x33,0x2e,0x36,0x35,0x32,0x34,
  0x20,0x32,0x35,0x2e,0x30,0x30,0x38,0x35,0x20,0x32,0x33,0x2e,0x38,0x35,0x32,0x37,
  0x20,0x32,0x34,0x2e,0x39,0x31,0x33,0x43,0x32,0x34,0x2e,0x30,0x38,0x39,0x31,0x20,
  0x32,0x34,0x2e,0x38,0x30,0x30,0x34,0x20,0x32,0x34,0x2e,0x33,0x31,0x32,0x34,0x20,
  0x32,0x34,0x2e,0x36,0x36,0x32,0x33,0x20,0x32,0x34,0x2e,0x35,0x31,0x38,0x39,0x20,
  0x32,0x34,0x2e,0x35,0x30,0x31,0x33,0x5a,0x22,0x20,0x66,0x69,0x6c,0x6c,0x3d,0x22,
  0x23,0x45,0x44,0x45,0x44,0x45,0x44,0x22,0x2f,0x3e,0xa,0x3c,0x70,0x61,0x74,0x68,
  0x20,0x64,0x3d,0x22,0x4d,0x33,0x30,0x2e,0x33,0x36,0x36,0x35,0x20,0x31,0x38,0x2e,
  0x36,0x39,0x32,0x32,0x43,0x33,0x31,0x2e,0x32,0x31,0x31,0x32,0x20,0x31,0x37,0x2e,
  0x38,0x34,0x37,0x35,0x20,0x33,0x31,0x2e,0x32,0x31,0x31,0x32,0x20,0x31,0x36,0x2e,
  0x34,0x37,0x38,0x31,0x20,0x33,0x30,0x2e,0x33,0x36,0x36,0x35,0x20,0x31,0x35,0x2e,
  0x36,0x33,0x33,0x35,0x43,0x32,0x39,0x2e,0x35,0x32,0x31,0x39,0x20,0x31,0x34,0x2e,
  0x37,0x38,0x38,0x38,0x20,0x32,0x38,0x2e,0x31,0x35,0x32,0x35,0x20,0x31,0x34,0x2e,
  0x37,0x38,0x38,0x38,0x20,0x32,0x37,0x2e,0x33,0x30,0x37,0x38,0x20,0x31,0x35,0x2e,
  0x36,0x33,0x33,0x35,0x4c,0x32,0x37,0x2e,0x31,0x38,0x30,0x36,0x20,0x31,0x35,0x2e,
  0x37,0x36,0x30,0x37,0x43,0x32,0x37,0x2e,0x30,0x35,0x37,0x38,0x20,0x31,0x35,0x2e,
  0x38,0x38,0x33,0x35,0x20,0x32,0x37,0x2e,0x30,0x30,0x32,0x32,0x20,0x31,0x36,0x2e,
  0x30,0x35,0x35,0x20,0x32,0x37,0x2e,0x30,0x33,0x32,0x39,0x20,0x31,0x36,0x2e,0x32,
  0x32,0x35,0x39,0x43,0x32,0x37,0x2e,0x30,0x35,0x32,0x32,0x20,0x31,0x36,0x2e,0x33,
  0x33,0x33,0x34,0x20,0x32,0x37,0x2e,0x30,0x38,0x37,0x39,0x20,0x31,0x36,0x2e,0x34,
  0x39,0x30,0x35,0x20,0x32,0x37,0x2e,0x31,0x35,0x33,0x20,0x31,0x36,0x2e,0x36,0x37,
  0x38,0x31,0x43,0x32,0x37,0x2e,0x32,0x38,0x33,0x31,0x20,0x31,0x37,0x2e,0x30,0x35,
  0x33,0x31,0x20,0x32,0x37,0x2e,0x35,0x32,0x38,0x38,0x20,0x31,0x37,0x2e,0x35,0x34,
  0x35,0x35,0x20,0x32,0x37,0x2e,0x39,0x39,0x31,0x37,0x20,0x31,0x38,0x2e,0x30,0x30,
  0x38,0x33,0x43,0x32,0x38,0x2e,0x34,0x35,0x34,0x35,0x20,0x31,0x38,0x2e,0x34,0x37,
  0x31,0x32,0x20,0x32,0x38,0x2e,0x39,0x34,0x36,0x39,0x20,0x31,0x38,0x2e,0x37,0x31,
  0x36,0x39,0x20,0x32,0x39,0x2e,0x33,0x32,0x31,0x39,0x20,0x31,0x38,0x2e,0x38,0x34,
  0x37,0x43,0x32,0x39,0x2e,0x35,0x30,0x39,0x35,0x20,0x31,0x38,0x2e,0x39,0x31,0x32,
  0x31,0x20,0x32,0x39,0x2e,0x36,0x36,0x36,0x36,0x20,0x31,0x38,0x2e,0x39,0x34,0x37,
  0x38,0x20,0x32,0x39,0x2e,0x37,0x37,0x34,0x31,0x20,0x31,0x38,0x2e,0x39,0x36,0x37,
  0x31,0x43,0x32,0x39,0x2e,0x39,0x34,0x35,0x20,0x31,0x38,0x2e,0x39,0x39,0x37,0x38,
  0x20,0x33,0x30,0x2e,0x31,0x31,0x36,0x35,0x20,0x31,0x38,0x2e,0x39,0x34,0x32,0x32,
  0x20,0x33,0x30,0x2e,0x32,0x33,0x39,0x33,0x20,0x31,0x38,0x2e,0x38,0x31,0x39,0x34,
  0x4c,0x33,0x30,0x2e,0x33,0x36,0x36,0x35,0x20,0x31,0x38,0x2e,0x36,0x39,0x32,0x32,
  0x5a,0x22,0x20,0x66,0x69,0x6c,0x6c,0x3d,0x22,0x23,0x45,0x44,0x45,0x44,0x45,0x44,
  0x22,0x2f,0x3e,0xa,0x3c,0x2f,0x67,0x3e,0xa,0x3c,0x70,0x61,0x74,0x68,0x20,0x69,
  0x64,0x3d,0x22,0x56,0x65,0x63,0x74,0x6f,0x72,0x5f,0x32,0x22,0x20,0x66,0x69,0x6c,
  0x6c,0x2d,0x72,0x75,0x6c,0x65,0x3d,0x22,0x65,0x76,0x65,0x6e,0x6f,0x64,0x64,0x22,
  0x20,0x63,0x6c,0x69,0x70,0x2d,0x72,0x75,0x6c,0x65,0x3d,0x22,0x65,0x76,0x65,0x6e,
  0x6f,0x64,0x64,0x22,0x20,0x64,0x3d,0x22,0x4d,0x31,0x32,0x2e,0x31,0x37,0x31,0x36,
  0x20,0x31,0x31,0x2e,0x31,0x37,0x31,0x36,0x43,0x31,0x31,0x20,0x31,0x32,0x2e,0x33,
  0x34,0x33,0x31,0x20,0x31,0x31,0x20,0x31,0x34,0x2e,0x32,0x32,0x38,0x38,0x20,0x31,
  0x31,0x20,0x31,0x38,0x56,0x32,0x32,0x43,0x31,0x31,0x20,0x32,0x35,0x2e,0x37,0x37,
  0x31,0x32,0x20,0x31,0x31,0x20,0x32,0x37,0x2e,0x36,0x35,0x36,0x39,0x20,0x31,0x32,
  0x2e,0x31,0x37,0x31,0x36,0x20,0x32,0x38,0x2e,0x38,0x32,0x38,0x34,0x43,0x31,0x33,
  0x2e,0x33,0x34,0x33,0x31,0x20,0x33,0x30,0x20,0x31,0x35,0x2e,0x32,0x32,0x38,0x38,
  0x20,0x33,0x30,0x20,0x31,0x39,0x20,0x33,0x30,0x48,0x32,0x31,0x43,0x32,0x34,0x2e,
  0x37,0x37,0x31,0x32,0x20,0x33,0x30,0x20,0x32,0x36,0x2e,0x36,0x35,0x36,0x39,0x20,
  0x33,0x30,0x20,0x32,0x37,0x2e,0x38,0x32,0x38,0x34,0x20,0x32,0x38,0x2e,0x38,0x32,
  0x38,0x34,0x43,0x32,0x38,0x2e,0x39,0x38,0x31,0x32,0x20,0x32,0x37,0x2e,0x36,0x37,
  0x35,0x36,0x20,0x32,0x38,0x2e,0x39,0x39,0x39,0x37,0x20,0x32,0x35,0x2e,0x38,0x33,
  0x31,0x36,0x20,0x32,0x39,0x20,0x32,0x32,0x2e,0x31,0x38,0x30,0x31,0x4c,0x32,0x36,
  0x2e,0x31,0x38,0x31,0x37,0x20,0x32,0x34,0x2e,0x39,0x39,0x38,0x34,0x43,0x32,0x35,
  0x2e,0x39,0x31,0x31,0x39,0x20,0x32,0x35,0x2e,0x32,0x36,0x38,0x33,0x20,0x32,0x35,
  0x2e,0x36,0x39,0x31,0x20,0x32,0x35,0x2e,0x34,0x38,0x39,0x34,0x20,0x32,0x35,0x2e,
  0x34,0x34,0x31,0x35,0x20,0x32,0x35,0x2e,0x36,0x38,0x34,0x31,0x43,0x32,0x35,0x2e,
  0x31,0x34,0x39,0x31,0x20,0x32,0x35,0x2e,0x39,0x31,0x32,0x31,0x20,0x32,0x34,0x2e,
  0x38,0x33,0x32,0x38,0x20,0x32,0x36,0x2e,0x31,0x30,0x37,0x36,0x20,0x32,0x34,0x2e,
  0x34,0x39,0x38,0x31,0x20,0x32,0x36,0x2e,0x32,0x36,0x37,0x31,0x43,0x32,0x34,0x2e,
  0x32,0x31,0x32,0x34,0x20,0x32,0x36,0x2e,0x34,0x30,0x33,0x32,0x20,0x32,0x33,0x2e,
  0x39,0x31,0x35,0x39,0x20,0x32,0x36,0x2e,0x35,0x30,0x32,0x20,0x32,0x33,0x2e,0x35,
  0x35,0x33,0x38,0x20,0x32,0x36,0x2e,0x36,0x32,0x32,0x35,0x4c,0x32,0x31,0x2e,0x32,
  0x34,0x32,0x31,0x20,0x32,0x37,0x2e,0x33,0x39,0x33,0x31,0x43,0x32,0x30,0x2e,0x34,
  0x39,0x33,0x35,0x20,0x32,0x37,0x2e,0x36,0x34,0x32,0x36,0x20,0x31,0x39,0x2e,0x36,
  0x36,0x38,0x32,0x20,0x32,0x37,0x2e,0x34,0x34,0x37,0x38,0x20,0x31,0x39,0x2e,0x31,
  0x31,0x30,0x32,0x20,0x32,0x36,0x2e,0x38,0x38,0x39,0x38,0x43,0x31,0x38,0x2e,0x35,
  0x35,0x32,0x33,0x20,0x32,0x36,0x2e,0x33,0x33,0x31,0x38,0x20,0x31,0x38,0x2e,0x33,
  0x35,0x37,0x34,0x20,0x32,0x35,0x2e,0x35,0x30,0x36,0x35,0x20,0x31,0x38,0x2e,0x36,
  0x30,0x37,0x20,0x32,0x34,0x2e,0x37,0x35,0x37,0x39,0x4c,0x31,0x38,0x2e,0x38,0x38,
  0x30,0x35,0x20,0x32,0x33,0x2e,0x39,0x33,0x37,0x35,0x4c,0x31,0x39,0x2e,0x33,0x35,
  0x35,0x36,0x20,0x32,0x32,0x2e,0x35,0x31,0x32,0x31,0x4c,0x31,0x39,0x2e,0x33,0x37,
  0x37,0x35,0x20,0x32,0x32,0x2e,0x34,0x34,0x36,0x33,0x43,0x31,0x39,0x2e,0x34,0x39,
  0x38,0x31,0x20,0x32,0x32,0x2e,0x30,0x38,0x34,0x32,0x20,0x31,0x39,0x2e,0x35,0x39,
  0x36,0x38,0x20,0x32,0x31,0x2e,0x37,0x38,0x37,0x36,0x20,0x31,0x39,0x2e,0x37,0x33,
  0x32,0x39,0x20,0x32,0x31,0x2e,0x35,0x30,0x31,0x39,0x43,0x31,0x39,0x2e,0x38,0x39,
  0x32,0x34,0x20,0x32,0x31,0x2e,0x31,0x36,0x37,0x32,0x20,0x32,0x30,0x2e,0x30,0x38,
  0x37,0x39,0x20,0x32,0x30,0x2e,0x38,0x35,0x30,0x39,0x20,0x32,0x30,0x2e,0x33,0x31,
  0x36,0x20,0x32,0x30,0x2e,0x35,0x35,0x38,0x36,0x43,0x32,0x30,0x2e,0x35,0x31,0x30,
  0x36,0x20,0x32,0x30,0x2e,0x33,0x30,0x39,0x20,0x32,0x30,0x2e,0x37,0x33,0x31,0x37,
  0x20,0x32,0x30,0x2e,0x30,0x38,0x38,0x31,0x20,0x32,0x31,0x2e,0x30,0x30,0x31,0x37,
  0x20,0x31,0x39,0x2e,0x38,0x31,0x38,0x33,0x4c,0x32,0x35,0x2e,0x30,0x30,0x38,0x31,
  0x20,0x31,0x35,0x2e,0x38,0x31,0x31,0x39,0x4c,0x32,0x36,0x2e,0x31,0x32,0x20,0x31,
  0x34,0x2e,0x37,0x4c,0x32,0x36,0x2e,0x32,0x34,0x37,0x32,0x20,0x31,0x34,0x2e,0x35,
  0x37,0x32,0x38,0x43,0x32,0x36,0x2e,0x39,0x36,0x32,0x36,0x20,0x31,0x33,0x2e,0x38,
  0x35,0x37,0x34,0x20,0x32,0x37,0x2e,0x39,0x30,0x30,0x33,0x20,0x31,0x33,0x2e,0x34,
  0x39,0x39,0x38,0x20,0x32,0x38,0x2e,0x38,0x33,0x38,0x20,0x31,0x33,0x2e,0x35,0x43,
  0x32,0x38,0x2e,0x36,0x38,0x36,0x37,0x20,0x31,0x32,0x2e,0x34,0x36,0x39,0x35,0x20,
  0x32,0x38,0x2e,0x33,0x39,0x34,0x31,0x20,0x31,0x31,0x2e,0x37,0x33,0x37,0x33,0x20,
  0x32,0x37,0x2e,0x38,0x32,0x38,0x34,0x20,0x31,0x31,0x2e,0x31,0x37,0x31,0x36,0x43,
  0x32,0x36,0x2e,0x36,0x35,0x36,0x39,0x20,0x31,0x30,0x20,0x32,0x34,0x2e,0x37,0x37,
  0x31,0x32,0x20,0x31,0x30,0x20,0x32,0x31,0x20,0x31,0x30,0x48,0x31,0x39,0x43,0x31,
  0x35,0x2e,0x32,0x32,0x38,0x38,0x20,0x31,0x30,0x20,0x31,0x33,0x2e,0x33,0x34,0x33,
  0x31,0x20,0x31,0x30,0x20,0x31,0x32,0x2e,0x31,0x37,0x31,0x36,0x20,0x31,0x31,0x2e,
  0x31,0x37,0x31,0x36,0x5a,0x4d,0x31,0x35,0x2e,0x32,0x35,0x20,0x31,0x37,0x43,0x31,
  0x35,0x2e,0x32,0x35,0x20,0x31,0x36,0x2e,0x35,0x38,0x35,0x38,0x20,0x31,0x35,0x2e,
  0x35,0x38,0x35,0x38,0x20,0x31,0x36,0x2e,0x32,0x35,0x20,0x31,0x36,0x20,0x31,0x36,
  0x2e,0x32,0x35,0x48,0x32,0x32,0x2e,0x35,0x43,0x32,0x32,0x2e,0x39,0x31,0x34,0x32,
  0x20,0x31,0x36,0x2e,0x32,0x35,0x20,0x32,0x33,0x2e,0x32,0x35,0x20,0x31,0x36,0x2e,
  0x35,0x38,0x35,0x38,0x20,0x32,0x33,0x2e,0x32,0x35,0x20,0x31,0x37,0x43,0x32,0x33,
  0x2e,0x32,0x35,0x20,0x31,0x37,0x2e,0x34,0x31,0x34,0x32,0x20,0x32,0x32,0x2e,0x39,
  0x31,0x34,0x32,0x20,0x31,0x37,0x2e,0x37,0x35,0x20,0x32,0x32,0x2e,0x35,0x20,0x31,
  0x37,0x2e,0x37,0x35,0x48,0x31,0x36,0x43,0x31,0x35,0x2e,0x35,0x38,0x35,0x38,0x20,
  0x31,0x37,0x2e,0x37,0x35,0x20,0x31,0x35,0x2e,0x32,0x35,0x20,0x31,0x37,0x2e,0x34,
  0x31,0x34,0x32,0x20,0x31,0x35,0x2e,0x32,0x35,0x20,0x31,0x37,0x5a,0x4d,0x31,0x35,
  0x2e,0x32,0x35,0x20,0x32,0x31,0x43,0x31,0x35,0x2e,0x32,0x35,0x20,0x32,0x30,0x2e,
  0x35,0x38,0x35,0x38,0x20,0x31,0x35,0x2e,0x35,0x38,0x35,0x38,0x20,0x32,0x30,0x2e,
  0x32,0x35,0x20,0x31,0x36,0x20,0x32,0x30,0x2e,0x32,0x35,0x48,0x31,0x38,0x2e,0x35,
  0x43,0x31,0x38,0x2e,0x39,0x31,0x34,0x32,0x20,0x32,0x30,0x2e,0x32,0x35,0x20,0x31,
  0x39,0x2e,0x32,0x35,0x20,0x32,0x30,0x2e,0x35,0x38,0x35,0x38,0x20,0x31,0x39,0x2e,
  0x32,0x35,0x20,0x32,0x31,0x43,0x31,0x39,0x2e,0x32,0x35,0x20,0x32,0x31,0x2e,0x34,
  0x31,0x34,0x32,0x20,0x31,0x38,0x2e,0x39,0x31,0x34,0x32,0x20,0x32,0x31,0x2e,0x37,
  0x35,0x20,0x31,0x38,0x2e,0x35,0x20,0x32,0x31,0x2e,0x37,0x35,0x48,0x31,0x36,0x43,
  0x31,0x35,0x2e,0x35,0x38,0x35,0x38,0x20,0x32,0x31,0x2e,0x37,0x35,0x20,0x31,0x35,
  0x2e,0x32,0x35,0x20,0x32,0x31,0x2e,0x34,0x31,0x34,0x32,0x20,0x31,0x35,0x2e,0x32,
  0x35,0x20,0x32,0x31,0x5a,0x4d,0x31,0x35,0x2e,0x32,0x35,0x20,0x32,0x35,0x43,0x31,
  0x35,0x2e,0x32,0x35,0x20,0x32,0x34,0x2e,0x35,0x38,0x35,0x38,0x20,0x31,0x35,0x2e,
  0x35,0x38,0x35,0x38,0x20,0x32,0x34,0x2e,0x32,0x35,0x20,0x31,0x36,0x20,0x32,0x34,
  0x2e,0x32,0x35,0x48,0x31,0x37,0x2e,0x35,0x43,0x31,0x37,0x2e,0x39,0x31,0x34,0x32,
  0x20,0x32,0x34,0x2e,0x32,0x35,0x20,0x31,0x38,0x2e,0x32,0x35,0x20,0x32,0x34,0x2e,
  0x35,0x38,0x35,0x38,0x20,0x31,0x38,0x2e,0x32,0x35,0x20,0x32,0x35,0x43,0x31,0x38,
  0x2e,0x32,0x35,0x20,0x32,0x35,0x2e,0x34,0x31,0x34,0x32,0x20,0x31,0x37,0x2e,0x39,
  0x31,0x34,0x32,0x20,0x32,0x35,0x2e,0x37,0x35,0x20,0x31,0x37,0x2e,0x35,0x20,0x32,
  0x35,0x2e,0x37,0x35,0x48,0x31,0x36,0x43,0x31,0x35,0x2e,0x35,0x38,0x35,0x38,0x20,
  0x32,0x35,0x2e,0x37,0x35,0x20,0x31,0x35,0x2e,0x32,0x35,0x20,0x32,0x35,0x2e,0x34,
  0x31,0x34,0x32,0x20,0x31,0x35,0x2e,0x32,0x35,0x20,0x32,0x35,0x5a,0x22,0x20,0x66,
  0x69,0x6c,0x6c,0x3d,0x22,0x23,0x45,0x44,0x45,0x44,0x45,0x44,0x22,0x2f,0x3e,0xa,
  0x3c,0x2f,0x67,0x3e,0xa,0x3c,0x2f,0x73,0x76,0x67,0x3e,0xa,
    // D:/WriterBoard/icons/Vector 23.svg
  0x0,0x0,0x1,0xa,
  0x3c,
  0x73,0x76,0x67,0x20,0x77,0x69,0x64,0x74,0x68,0x3d,0x22,0x31,0x31,0x22,0x20,0x68,
  0x65,0x69,0x67,0x68,0x74,0x3d,0x22,0x31,0x31,0x22,0x20,0x76,0x69,0x65,0x77,0x42,
  0x6f,0x78,0x3d,0x22,0x30,0x20,0x30,0x20,0x31,0x31,0x20,0x31,0x31,0x22,0x20,0x66,
  0x69,0x6c,0x6c,0x3d,0x22,0x6e,0x6f,0x6e,0x65,0x22,0x20,0x78,0x6d,0x6c,0x6e,0x73,
  0x3d,0x22,0x68,0x74,0x74,0x70,0x3a,0x2f,0x2f,0x77,0x77,0x77,0x2e,0x77,0x33,0x2e,
  0x6f,0x72,0x67,0x2f,0x32,0x30,0x30,0x30,0x2f,0x73,0x76,0x67,0x22,0x3e,0xa,0x3c,
  0x70,0x61,0x74,0x68,0x20,0x69,0x64,0x3d,0x22,0x56,0x65,0x63,0x74,0x6f,0x72,0x20,
  0x32,0x33,0x22,0x20,0x64,0x3d,0x22,0x4d,0x31,0x20,0x31,0x4c,0x35,0x2e,0x32,0x35,
  0x20,0x35,0x2e,0x32,0x35,0x4d,0x39,0x2e,0x35,0x20,0x39,0x2e,0x35,0x4c,0x35,0x2e,
  0x32,0x35,0x20,0x35,0x2e,0x32,0x35,0x4d,0x35,0x2e,0x32,0x35,0x20,0x35,0x2e,0x32,
  0x35,0x4c,0x39,0x2e,0x35,0x20,0x31,0x4c,0x31,0x20,0x39,0x2e,0x35,0x22,0x20,0x73,
  0x74,0x72,0x6f,0x6b,0x65,0x3d,0x22,0x23,0x45,0x44,0x45,0x44,0x45,0x44,0x22,0x20,
  0x73,0x74,0x72,0x6f,0x6b,0x65,0x2d,0x77,0x69,0x64,0x74,0x68,0x3d,0x22,0x32,0x22,
  0x20,0x73,0x74,0x72,0x6f,0x6b,0x65,0x2d,0x6c,0x69,0x6e,0x65,0x63,0x61,0x70,0x3d,
  0x22,0x72,0x6f,0x75,0x6e,0x64,0x22,0x20,0x73,0x74,0x72,0x6f,0x6b,0x65,0x2d,0x6c,
  0x69,0x6e,0x65,0x6a,0x6f,0x69,0x6e,0x3d,0x22,0x72,0x6f,0x75,0x6e,0x64,0x22,0x2f,
  0x3e,0xa,0x3c,0x2f,0x73,0x76,0x67,0x3e,0xa,
    // D:/WriterBoard/icons/Home_icon.svg
  0x0,0x0,0x2,0x5d,
  0x3c,
  0x73,0x76,0x67,0x20,0x77,0x69,0x64,0x74,0x68,0x3d,0x22,0x32,0x34,0x22,0x20,0x68,
  0x65,0x69,0x67,0x68,0x74,0x3d,0x22,0x32,0x34,0x22,0x20,0x76,0x69,0x65,0x77,0x42,
  0x6f,0x78,0x3d,0x22,0x30,0x20,0x30,0x20,0x32,0x34,0x20,0x32,0x34,0x22,0x20,0x66,
  0x69,0x6c,0x6c,0x3d,0x22,0x6e,0x6f,0x6e,0x65,0x22,0x20,0x78,0x6d,0x6c,0x6e,0x73,
  0x3d,0x22,0x68,0x74,0x74,0x70,0x3a,0x2f,0x2f,0x77,0x77,0x77,0x2e,0x77,0x33,0x2e,
  0x6f,0x72,0x67,0x2f,0x32,0x30,0x30,0x30,0x2f,0x73,0x76,0x67,0x22,0x3e,0xa,0x3c,
  0x67,0x20,0x69,0x64,0x3d,0x22,0x48,0x6f,0x6d,0x65,0x20,0x69,0x63,0x6f,0x6e,0x22,
  0x3e,0xa,0x3c,0x70,0x61,0x74,0x68,0x20,0x69,0x64,0x3d,0x22,0x55,0x6e,0x69,0x6f,
  0x6e,0x22,0x20,0x66,0x69,0x6c,0x6c,0x2d,0x72,0x75,0x6c,0x65,0x3d,0x22,0x65,0x76,
  0x65,0x6e,0x6f,0x64,0x64,0x22,0x20,0x63,0x6c,0x69,0x70,0x2d,0x72,0x75,0x6c,0x65,
  0x3d,0x22,0x65,0x76,0x65,0x6e,0x6f,0x64,0x64,0x22,0x20,0x64,0x3d,0x22,0x4d,0x32,
  0x30,0x2e,0x34,0x37,0x39,0x20,0x37,0x2e,0x35,0x37,0x38,0x32,0x37,0x4c,0x31,0x35,
  0x2e,0x30,0x39,0x33,0x20,0x33,0x2e,0x31,0x32,0x35,0x30,0x32,0x43,0x31,0x33,0x2e,
  0x32,0x37,0x38,0x37,0x20,0x31,0x2e,0x36,0x32,0x34,0x39,0x39,0x20,0x31,0x30,0x2e,
  0x37,0x32,0x31,0x33,0x20,0x31,0x2e,0x36,0x32,0x34,0x39,0x39,0x20,0x38,0x2e,0x39,
  0x30,0x37,0x30,0x33,0x20,0x33,0x2e,0x31,0x32,0x35,0x30,0x32,0x4c,0x33,0x2e,0x35,
  0x32,0x30,0x39,0x37,0x20,0x37,0x2e,0x35,0x37,0x38,0x32,0x37,0x43,0x32,0x2e,0x35,
  0x35,0x30,0x35,0x39,0x20,0x38,0x2e,0x33,0x38,0x30,0x35,0x39,0x20,0x32,0x20,0x39,
  0x2e,0x35,0x39,0x37,0x30,0x36,0x20,0x32,0x20,0x31,0x30,0x2e,0x38,0x36,0x36,0x33,
  0x56,0x31,0x38,0x2e,0x38,0x37,0x33,0x39,0x43,0x32,0x20,0x32,0x30,0x2e,0x35,0x34,
  0x31,0x39,0x20,0x33,0x2e,0x32,0x38,0x36,0x34,0x33,0x20,0x32,0x32,0x20,0x35,0x20,
  0x32,0x32,0x48,0x37,0x43,0x38,0x2e,0x36,0x35,0x36,0x38,0x35,0x20,0x32,0x32,0x20,
  0x31,0x30,0x20,0x32,0x30,0x2e,0x36,0x35,0x36,0x39,0x20,0x31,0x30,0x20,0x31,0x39,
  0x56,0x31,0x35,0x2e,0x36,0x38,0x34,0x38,0x43,0x31,0x30,0x20,0x31,0x35,0x2e,0x30,
  0x30,0x34,0x34,0x20,0x31,0x30,0x2e,0x35,0x30,0x34,0x34,0x20,0x31,0x34,0x2e,0x35,
  0x35,0x38,0x37,0x20,0x31,0x31,0x20,0x31,0x34,0x2e,0x35,0x35,0x38,0x37,0x48,0x31,
  0x33,0x43,0x31,0x33,0x2e,0x34,0x39,0x35,0x36,0x20,0x31,0x34,0x2e,0x35,0x35,0x38,
  0x37,0x20,0x31,0x34,0x20,0x31,0x35,0x2e,0x30,0x30,0x34,0x34,0x20,0x31,0x34,0x20,
  0x31,0x35,0x2e,0x36,0x38,0x34,0x38,0x56,0x31,0x39,0x43,0x31,0x34,0x20,0x32,0x30,
  0x2e,0x36,0x35,0x36,0x39,0x20,0x31,0x35,0x2e,0x33,0x34,0x33,0x31,0x20,0x32,0x32,
  0x20,0x31,0x37,0x20,0x32,0x32,0x48,0x31,0x39,0x43,0x32,0x30,0x2e,0x37,0x31,0x33,
  0x36,0x20,0x32,0x32,0x20,0x32,0x32,0x20,0x32,0x30,0x2e,0x35,0x34,0x31,0x39,0x20,
  0x32,0x32,0x20,0x31,0x38,0x2e,0x38,0x37,0x33,0x39,0x56,0x31,0x30,0x2e,0x38,0x36,
  0x36,0x33,0x43,0x32,0x32,0x20,0x39,0x2e,0x35,0x39,0x37,0x30,0x36,0x20,0x32,0x31,
  0x2e,0x34,0x34,0x39,0x34,0x20,0x38,0x2e,0x33,0x38,0x30,0x35,0x39,0x20,0x32,0x30,
  0x2e,0x34,0x37,0x39,0x20,0x37,0x2e,0x35,0x37,0x38,0x32,0x37,0x5a,0x22,0x20,0x66,
  0x69,0x6c,0x6c,0x3d,0x22,0x23,0x45,0x44,0x45,0x44,0x45,0x44,0x22,0x2f,0x3e,0xa,
  0x3c,0x2f,0x67,0x3e,0xa,0x3c,0x2f,0x73,0x76,0x67,0x3e,0xa,
    // D:/WriterBoard/icons/Forward.svg
  0x0,0x0,0x8,0x4,
  0x3c,
  0x73,0x76,0x67,0x20,0x77,0x69,0x64,0x74,0x68,0x3d,0x22,0x31,0x38,0x22,0x20,0x68,
  0x65,0x69,0x67,0x68,0x74,0x3d,0x22,0x31,0x38,0x22,0x20,0x76,0x69,0x65,0x77,0x42,
  0x6f,0x78,0x3d,0x22,0x30,0x20,0x30,0x20,0x31,0x38,0x20,0x31,0x38,0x22,0x20,0x66,
  0x69,0x6c,0x6c,0x3d,0x22,0x6e,0x6f,0x6e,0x65,0x22,0x20,0x78,0x6d,0x6c,0x6e,0x73,
  0x3d,0x22,0x68,0x74,0x74,0x70,0x3a,0x2f,0x2f,0x77,0x77,0x77,0x2e,0x77,0x33,0x2e,
  0x6f,0x72,0x67,0x2f,0x32,0x30,0x30,0x30,0x2f,0x73,0x76,0x67,0x22,0x3e,0xa,0x3c,
  0x67,0x20,0x69,0x64,0x3d,0x22,0x4f,0x75,0x74,0x6c,0x69,0x6e,0x65,0x20,0x2f,0x20,
  0x4d,0x65,0x73,0x73,0x61,0x67,0x65,0x73,0x2c,0x20,0x43,0x6f,0x6e,0x76,0x65,0x72,
  0x73,0x61,0x74,0x69,0x6f,0x6e,0x20,0x2f,0x20,0x46,0x6f,0x72,0x77,0x61,0x72,0x64,
  0x22,0x3e,0xa,0x3c,0x70,0x61,0x74,0x68,0x20,0x69,0x64,0x3d,0x22,0x56,0x65,0x63,
  0x74,0x6f,0x72,0x22,0x20,0x66,0x69,0x6c,0x6c,0x2d,0x72,0x75,0x6c,0x65,0x3d,0x22,
  0x65,0x76,0x65,0x6e,0x6f,0x64,0x64,0x22,0x20,0x63,0x6c,0x69,0x70,0x2d,0x72,0x75,
  0x6c,0x65,0x3d,0x22,0x65,0x76,0x65,0x6e,0x6f,0x64,0x64,0x22,0x20,0x64,0x3d,0x22,
  0x4d,0x31,0x31,0x2e,0x33,0x34,0x33,0x20,0x33,0x2e,0x36,0x36,0x33,0x33,0x36,0x43,
  0x31,0x31,0x2e,0x33,0x35,0x32,0x36,0x20,0x33,0x2e,0x36,0x37,0x31,0x39,0x33,0x20,
  0x31,0x31,0x2e,0x33,0x36,0x32,0x33,0x20,0x33,0x2e,0x36,0x38,0x30,0x35,0x32,0x20,
  0x31,0x31,0x2e,0x33,0x37,0x32,0x20,0x33,0x2e,0x36,0x38,0x39,0x31,0x33,0x4c,0x31,
  0x34,0x2e,0x33,0x38,0x32,0x33,0x20,0x36,0x2e,0x33,0x36,0x35,0x30,0x31,0x43,0x31,
  0x34,0x2e,0x39,0x34,0x34,0x31,0x20,0x36,0x2e,0x38,0x36,0x34,0x32,0x38,0x20,0x31,
  0x35,0x2e,0x34,0x30,0x39,0x37,0x20,0x37,0x2e,0x32,0x37,0x38,0x31,0x36,0x20,0x31,
  0x35,0x2e,0x37,0x32,0x39,0x34,0x20,0x37,0x2e,0x36,0x35,0x33,0x38,0x38,0x43,0x31,
  0x36,0x2e,0x30,0x36,0x35,0x34,0x20,0x38,0x2e,0x30,0x34,0x38,0x37,0x36,0x20,0x31,
  0x36,0x2e,0x33,0x30,0x34,0x37,0x20,0x38,0x2e,0x34,0x37,0x33,0x38,0x39,0x20,0x31,
  0x36,0x2e,0x33,0x30,0x34,0x37,0x20,0x38,0x2e,0x39,0x39,0x39,0x39,0x37,0x43,0x31,
  0x36,0x2e,0x33,0x30,0x34,0x37,0x20,0x39,0x2e,0x35,0x32,0x36,0x30,0x35,0x20,0x31,
  0x36,0x2e,0x30,0x36,0x35,0x34,0x20,0x39,0x2e,0x39,0x35,0x31,0x31,0x39,0x20,0x31,
  0x35,0x2e,0x37,0x32,0x39,0x34,0x20,0x31,0x30,0x2e,0x33,0x34,0x36,0x31,0x43,0x31,
  0x35,0x2e,0x34,0x30,0x39,0x37,0x20,0x31,0x30,0x2e,0x37,0x32,0x31,0x38,0x20,0x31,
  0x34,0x2e,0x39,0x34,0x34,0x31,0x20,0x31,0x31,0x2e,0x31,0x33,0x35,0x37,0x20,0x31,
  0x34,0x2e,0x33,0x38,0x32,0x33,0x20,0x31,0x31,0x2e,0x36,0x33,0x34,0x39,0x4c,0x31,
  0x31,0x2e,0x33,0x37,0x32,0x20,0x31,0x34,0x2e,0x33,0x31,0x30,0x38,0x43,0x31,0x31,
  0x2e,0x33,0x36,0x32,0x33,0x20,0x31,0x34,0x2e,0x33,0x31,0x39,0x34,0x20,0x31,0x31,
  0x2e,0x33,0x35,0x32,0x36,0x20,0x31,0x34,0x2e,0x33,0x32,0x38,0x20,0x31,0x31,0x2e,
  0x33,0x34,0x33,0x20,0x31,0x34,0x2e,0x33,0x33,0x36,0x36,0x43,0x31,0x31,0x2e,0x30,
  0x39,0x39,0x37,0x20,0x31,0x34,0x2e,0x35,0x35,0x32,0x39,0x20,0x31,0x30,0x2e,0x38,
  0x37,0x32,0x36,0x20,0x31,0x34,0x2e,0x37,0x35,0x34,0x39,0x20,0x31,0x30,0x2e,0x36,
  0x37,0x36,0x34,0x20,0x31,0x34,0x2e,0x38,0x38,0x34,0x34,0x43,0x31,0x30,0x2e,0x34,
  0x38,0x33,0x37,0x20,0x31,0x35,0x2e,0x30,0x31,0x31,0x36,0x20,0x31,0x30,0x2e,0x31,
  0x33,0x33,0x34,0x20,0x31,0x35,0x2e,0x31,0x39,0x36,0x34,0x20,0x39,0x2e,0x37,0x34,
  0x30,0x39,0x35,0x20,0x31,0x35,0x2e,0x30,0x32,0x30,0x31,0x43,0x39,0x2e,0x33,0x34,
  0x38,0x34,0x39,0x20,0x31,0x34,0x2e,0x38,0x34,0x33,0x39,0x20,0x39,0x2e,0x32,0x35,
  0x33,0x38,0x35,0x20,0x31,0x34,0x2e,0x34,0x35,0x39,0x33,0x20,0x39,0x2e,0x32,0x32,
  0x30,0x39,0x32,0x20,0x31,0x34,0x2e,0x32,0x33,0x30,0x38,0x43,0x39,0x2e,0x31,0x38,
  0x37,0x34,0x20,0x31,0x33,0x2e,0x39,0x39,0x38,0x31,0x20,0x39,0x2e,0x31,0x38,0x37,
  0x34,0x34,0x20,0x31,0x33,0x2e,0x36,0x39,0x34,0x32,0x20,0x39,0x2e,0x31,0x38,0x37,
  0x35,0x20,0x31,0x33,0x2e,0x33,0x36,0x38,0x36,0x43,0x39,0x2e,0x31,0x38,0x37,0x35,
  0x20,0x31,0x33,0x2e,0x33,0x35,0x35,0x37,0x20,0x39,0x2e,0x31,0x38,0x37,0x35,0x20,
  0x31,0x33,0x2e,0x33,0x34,0x32,0x38,0x20,0x39,0x2e,0x31,0x38,0x37,0x35,0x20,0x31,
  0x33,0x2e,0x33,0x32,0x39,0x38,0x56,0x31,0x32,0x2e,0x31,0x35,0x33,0x34,0x43,0x38,
  0x2e,0x30,0x39,0x38,0x38,0x38,0x20,0x31,0x32,0x2e,0x32,0x32,0x38,0x35,0x20,0x36,
  0x2e,0x39,0x39,0x35,0x37,0x32,0x20,0x31,0x32,0x2e,0x35,0x31,0x37,0x36,0x20,0x36,
  0x2e,0x30,0x33,0x30,0x37,0x37,0x20,0x31,0x32,0x2e,0x39,0x38,0x37,0x38,0x43,0x34,
  0x2e,0x38,0x39,0x36,0x30,0x36,0x20,0x31,0x33,0x2e,0x35,0x34,0x30,0x37,0x20,0x33,
  0x2e,0x39,0x38,0x39,0x38,0x34,0x20,0x31,0x34,0x2e,0x33,0x32,0x34,0x37,0x20,0x33,
  0x2e,0x34,0x39,0x38,0x30,0x34,0x20,0x31,0x35,0x2e,0x32,0x36,0x31,0x34,0x43,0x33,
  0x2e,0x33,0x37,0x37,0x37,0x34,0x20,0x31,0x35,0x2e,0x34,0x39,0x30,0x36,0x20,0x33,
  0x2e,0x31,0x31,0x36,0x36,0x32,0x20,0x31,0x35,0x2e,0x36,0x30,0x38,0x31,0x20,0x32,
  0x2e,0x38,0x36,0x35,0x33,0x35,0x20,0x31,0x35,0x2e,0x35,0x34,0x36,0x31,0x43,0x32,
  0x2e,0x36,0x31,0x34,0x30,0x38,0x20,0x31,0x35,0x2e,0x34,0x38,0x34,0x32,0x20,0x32,
  0x2e,0x34,0x33,0x37,0x35,0x20,0x31,0x35,0x2e,0x32,0x35,0x38,0x38,0x20,0x32,0x2e,
  0x34,0x33,0x37,0x35,0x20,0x31,0x35,0x43,0x32,0x2e,0x34,0x33,0x37,0x35,0x20,0x31,
  0x31,0x2e,0x34,0x35,0x39,0x33,0x20,0x33,0x2e,0x34,0x37,0x33,0x35,0x33,0x20,0x39,
  0x2e,0x31,0x35,0x33,0x37,0x37,0x20,0x34,0x2e,0x39,0x35,0x34,0x38,0x38,0x20,0x37,
  0x2e,0x37,0x33,0x36,0x34,0x43,0x36,0x2e,0x32,0x34,0x36,0x30,0x38,0x20,0x36,0x2e,
  0x35,0x30,0x30,0x39,0x37,0x20,0x37,0x2e,0x38,0x31,0x39,0x37,0x37,0x20,0x35,0x2e,
  0x39,0x39,0x34,0x30,0x32,0x20,0x39,0x2e,0x31,0x38,0x37,0x35,0x20,0x35,0x2e,0x38,
  0x38,0x37,0x39,0x33,0x56,0x34,0x2e,0x36,0x37,0x30,0x31,0x31,0x43,0x39,0x2e,0x31,
  0x38,0x37,0x35,0x20,0x34,0x2e,0x36,0x35,0x37,0x31,0x35,0x20,0x39,0x2e,0x31,0x38,
  0x37,0x35,0x20,0x34,0x2e,0x36,0x34,0x34,0x32,0x32,0x20,0x39,0x2e,0x31,0x38,0x37,
  0x35,0x20,0x34,0x2e,0x36,0x33,0x31,0x33,0x32,0x43,0x39,0x2e,0x31,0x38,0x37,0x34,
  0x34,0x20,0x34,0x2e,0x33,0x30,0x35,0x37,0x32,0x20,0x39,0x2e,0x31,0x38,0x37,0x34,
  0x20,0x34,0x2e,0x30,0x30,0x31,0x38,0x34,0x20,0x39,0x2e,0x32,0x32,0x30,0x39,0x32,
  0x20,0x33,0x2e,0x37,0x36,0x39,0x31,0x35,0x43,0x39,0x2e,0x32,0x35,0x33,0x38,0x35,
  0x20,0x33,0x2e,0x35,0x34,0x30,0x36,0x35,0x20,0x39,0x2e,0x33,0x34,0x38,0x34,0x39,
  0x20,0x33,0x2e,0x31,0x35,0x36,0x30,0x35,0x20,0x39,0x2e,0x37,0x34,0x30,0x39,0x35,
  0x20,0x32,0x2e,0x39,0x37,0x39,0x38,0x32,0x43,0x31,0x30,0x2e,0x31,0x33,0x33,0x34,
  0x20,0x32,0x2e,0x38,0x30,0x33,0x35,0x38,0x20,0x31,0x30,0x2e,0x34,0x38,0x33,0x37,
  0x20,0x32,0x2e,0x39,0x38,0x38,0x33,0x35,0x20,0x31,0x30,0x2e,0x36,0x37,0x36,0x34,
  0x20,0x33,0x2e,0x31,0x31,0x35,0x35,0x35,0x43,0x31,0x30,0x2e,0x38,0x37,0x32,0x36,
  0x20,0x33,0x2e,0x32,0x34,0x35,0x30,0x38,0x20,0x31,0x31,0x2e,0x30,0x39,0x39,0x37,
  0x20,0x33,0x2e,0x34,0x34,0x37,0x20,0x31,0x31,0x2e,0x33,0x34,0x33,0x20,0x33,0x2e,
  0x36,0x36,0x33,0x33,0x36,0x5a,0x4d,0x31,0x30,0x2e,0x33,0x31,0x34,0x38,0x20,0x34,
  0x2e,0x32,0x35,0x37,0x36,0x39,0x43,0x31,0x30,0x2e,0x33,0x39,0x39,0x36,0x20,0x34,
  0x2e,0x33,0x33,0x30,0x33,0x36,0x20,0x31,0x30,0x2e,0x35,0x30,0x30,0x39,0x20,0x34,
  0x2e,0x34,0x32,0x20,0x31,0x30,0x2e,0x36,0x32,0x34,0x36,0x20,0x34,0x2e,0x35,0x32,
  0x39,0x39,0x37,0x4c,0x31,0x33,0x2e,0x36,0x30,0x33,0x38,0x20,0x37,0x2e,0x31,0x37,
  0x38,0x31,0x36,0x43,0x31,0x34,0x2e,0x32,0x30,0x34,0x36,0x20,0x37,0x2e,0x37,0x31,
  0x32,0x32,0x33,0x20,0x31,0x34,0x2e,0x36,0x31,0x20,0x38,0x2e,0x30,0x37,0x34,0x33,
  0x32,0x20,0x31,0x34,0x2e,0x38,0x37,0x32,0x36,0x20,0x38,0x2e,0x33,0x38,0x32,0x39,
  0x35,0x43,0x31,0x35,0x2e,0x31,0x32,0x34,0x38,0x20,0x38,0x2e,0x36,0x37,0x39,0x33,
  0x35,0x20,0x31,0x35,0x2e,0x31,0x37,0x39,0x37,0x20,0x38,0x2e,0x38,0x35,0x32,0x34,
  0x36,0x20,0x31,0x35,0x2e,0x31,0x37,0x39,0x37,0x20,0x38,0x2e,0x39,0x39,0x39,0x39,
  0x37,0x43,0x31,0x35,0x2e,0x31,0x37,0x39,0x37,0x20,0x39,0x2e,0x31,0x34,0x37,0x34,
  0x39,0x20,0x31,0x35,0x2e,0x31,0x32,0x34,0x39,0x20,0x39,0x2e,0x33,0x32,0x30,0x36,
  0x20,0x31,0x34,0x2e,0x38,0x37,0x32,0x36,0x20,0x39,0x2e,0x36,0x31,0x36,0x39,0x39,
  0x43,0x31,0x34,0x2e,0x36,0x31,0x20,0x39,0x2e,0x39,0x32,0x35,0x36,0x33,0x20,0x31,
  0x34,0x2e,0x32,0x30,0x34,0x36,0x20,0x31,0x30,0x2e,0x32,0x38,0x37,0x37,0x20,0x31,
  0x33,0x2e,0x36,0x30,0x33,0x38,0x20,0x31,0x30,0x2e,0x38,0x32,0x31,0x38,0x4c,0x31,
  0x30,0x2e,0x36,0x32,0x34,0x36,0x20,0x31,0x33,0x2e,0x34,0x37,0x43,0x31,0x30,0x2e,
  0x35,0x30,0x30,0x39,0x20,0x31,0x33,0x2e,0x35,0x38,0x20,0x31,0x30,0x2e,0x33,0x39,
  0x39,0x36,0x20,0x31,0x33,0x2e,0x36,0x36,0x39,0x36,0x20,0x31,0x30,0x2e,0x33,0x31,
  0x34,0x38,0x20,0x31,0x33,0x2e,0x37,0x34,0x32,0x33,0x43,0x31,0x30,0x2e,0x33,0x31,
  0x32,0x38,0x20,0x31,0x33,0x2e,0x36,0x33,0x30,0x36,0x20,0x31,0x30,0x2e,0x33,0x31,
  0x32,0x35,0x20,0x31,0x33,0x2e,0x34,0x39,0x35,0x34,0x20,0x31,0x30,0x2e,0x33,0x31,
  0x32,0x35,0x20,0x31,0x33,0x2e,0x33,0x32,0x39,0x38,0x56,0x31,0x31,0x2e,0x35,0x37,
  0x31,0x34,0x43,0x31,0x30,0x2e,0x33,0x31,0x32,0x35,0x20,0x31,0x31,0x2e,0x32,0x36,
  0x30,0x37,0x20,0x31,0x30,0x2e,0x30,0x36,0x30,0x37,0x20,0x31,0x31,0x2e,0x30,0x30,
  0x38,0x39,0x20,0x39,0x2e,0x37,0x35,0x20,0x31,0x31,0x2e,0x30,0x30,0x38,0x39,0x43,
  0x38,0x2e,0x33,0x31,0x35,0x35,0x37,0x20,0x31,0x31,0x2e,0x30,0x30,0x38,0x39,0x20,
  0x36,0x2e,0x38,0x32,0x34,0x39,0x36,0x20,0x31,0x31,0x2e,0x33,0x34,0x39,0x34,0x20,
  0x35,0x2e,0x35,0x33,0x37,0x39,0x38,0x20,0x31,0x31,0x2e,0x39,0x37,0x36,0x35,0x43,
  0x34,0x2e,0x38,0x34,0x38,0x38,0x37,0x20,0x31,0x32,0x2e,0x33,0x31,0x32,0x32,0x20,
  0x34,0x2e,0x32,0x30,0x37,0x33,0x35,0x20,0x31,0x32,0x2e,0x37,0x33,0x35,0x38,0x20,
  0x33,0x2e,0x36,0x36,0x32,0x39,0x34,0x20,0x31,0x33,0x2e,0x32,0x34,0x32,0x36,0x43,
  0x33,0x2e,0x39,0x33,0x39,0x35,0x32,0x20,0x31,0x30,0x2e,0x39,0x35,0x37,0x33,0x20,
  0x34,0x2e,0x37,0x35,0x36,0x38,0x31,0x20,0x39,0x2e,0x34,0x38,0x32,0x39,0x32,0x20,
  0x35,0x2e,0x37,0x33,0x32,0x36,0x32,0x20,0x38,0x2e,0x35,0x34,0x39,0x32,0x36,0x43,
  0x36,0x2e,0x39,0x34,0x37,0x36,0x36,0x20,0x37,0x2e,0x33,0x38,0x36,0x37,0x20,0x38,
  0x2e,0x34,0x38,0x32,0x38,0x32,0x20,0x36,0x2e,0x39,0x39,0x31,0x30,0x34,0x20,0x39,
  0x2e,0x37,0x35,0x20,0x36,0x2e,0x39,0x39,0x31,0x30,0x34,0x43,0x31,0x30,0x2e,0x30,
  0x36,0x30,0x37,0x20,0x36,0x2e,0x39,0x39,0x31,0x30,0x34,0x20,0x31,0x30,0x2e,0x33,
  0x31,0x32,0x35,0x20,0x36,0x2e,0x37,0x33,0x39,0x32,0x31,0x20,0x31,0x30,0x2e,0x33,
  0x31,0x32,0x35,0x20,0x36,0x2e,0x34,0x32,0x38,0x35,0x34,0x56,0x34,0x2e,0x36,0x37,
  0x30,0x31,0x31,0x43,0x31,0x30,0x2e,0x33,0x31,0x32,0x35,0x20,0x34,0x2e,0x35,0x30,
  0x34,0x35,0x38,0x20,0x31,0x30,0x2e,0x33,0x31,0x32,0x38,0x20,0x34,0x2e,0x33,0x36,
  0x39,0x33,0x36,0x20,0x31,0x30,0x2e,0x33,0x31,0x34,0x38,0x20,0x34,0x2e,0x32,0x35,
  0x37,0x36,0x39,0x5a,0x22,0x20,0x66,0x69,0x6c,0x6c,0x3d,0x22,0x23,0x45,0x44,0x45,
  0x44,0x45,0x44,0x22,0x2f,0x3e,0xa,0x3c,0x2f,0x67,0x3e,0xa,0x3c,0x2f,0x73,0x76,
  0x67,0x3e,0xa,
    // D:/WriterBoard/icons/Selection Mode.svg
  0x0,0x0,0x1,0xf3,
  0x3c,
  0x73,0x76,0x67,0x20,0x77,0x69,0x64,0x74,0x68,0x3d,0x22,0x34,0x30,0x22,0x20,0x68,
  0x65,0x69,0x67,0x68,0x74,0x3d,0x22,0x34,0x30,0x22,0x20,0x76,0x69,0x65,0x77,0x42,
  0x6f,0x78,0x3d,0x22,0x30,0x20,0x30,0x20,0x34,0x30,0x20,0x34,0x30,0x22,0x20,0x66,
  0x69,0x6c,0x6c,0x3d,0x22,0x6e,0x6f,0x6e,0x65,0x22,0x20,0x78,0x6d,0x6c,0x6e,0x73,
  0x3d,0x22,0x68,0x74,0x74,0x70,0x3a,0x2f,0x2f,0x77,0x77,0x77,0x2e,0x77,0x33,0x2e,
  0x6f,0x72,0x67,0x2f,0x32,0x30,0x30,0x30,0x2f,0x73,0x76,0x67,0x22,0x3e,0xa,0x3c,
  0x67,0x20,0x69,0x64,0x3d,0x22,0x53,0x65,0x6c,0x65,0x63,0x74,0x69,0x6f,0x6e,0x20,
  0x4d,0x6f,0x64,0x65,0x22,0x3e,0xa,0x3c,0x72,0x65,0x63,0x74,0x20,0x77,0x69,0x64,
  0x74,0x68,0x3d,0x22,0x34,0x30,0x22,0x20,0x68,0x65,0x69,0x67,0x68,0x74,0x3d,0x22,
  0x34,0x30,0x22,0x20,0x72,0x78,0x3d,0x22,0x36,0x22,0x20,0x66,0x69,0x6c,0x6c,0x3d,
  0x22,0x23,0x36,0x30,0x36,0x30,0x36,0x30,0x22,0x2f,0x3e,0xa,0x3c,0x70,0x61,0x74,
  0x68,0x20,0x69,0x64,0x3d,0x22,0x56,0x65,0x63,0x74,0x6f,0x72,0x20,0x31,0x31,0x32,
  0x33,0x22,0x20,0x64,0x3d,0x22,0x4d,0x31,0x38,0x2e,0x34,0x39,0x32,0x38,0x20,0x32,
  0x39,0x2e,0x39,0x38,0x37,0x34,0x4c,0x31,0x32,0x2e,0x30,0x32,0x34,0x37,0x20,0x31,
  0x33,0x2e,0x31,0x30,0x37,0x32,0x43,0x31,0x31,0x2e,0x35,0x30,0x36,0x31,0x20,0x31,
  0x31,0x2e,0x37,0x35,0x33,0x38,0x20,0x31,0x32,0x2e,0x37,0x35,0x33,0x38,0x20,0x31,
  0x30,0x2e,0x35,0x30,0x36,0x31,0x20,0x31,0x34,0x2e,0x31,0x30,0x37,0x32,0x20,0x31,
  0x31,0x2e,0x30,0x32,0x34,0x37,0x4c,0x33,0x30,0x2e,0x39,0x38,0x37,0x34,0x20,0x31,
  0x37,0x2e,0x34,0x39,0x32,0x38,0x43,0x33,0x32,0x2e,0x35,0x31,0x36,0x38,0x20,0x31,
  0x38,0x2e,0x30,0x37,0x38,0x38,0x20,0x33,0x32,0x2e,0x35,0x36,0x36,0x36,0x20,0x32,
  0x30,0x2e,0x32,0x32,0x33,0x33,0x20,0x33,0x31,0x2e,0x30,0x36,0x31,0x34,0x20,0x32,
  0x30,0x2e,0x36,0x38,0x30,0x37,0x4c,0x32,0x34,0x2e,0x36,0x35,0x38,0x20,0x32,0x32,
  0x2e,0x36,0x32,0x36,0x34,0x43,0x32,0x34,0x2e,0x31,0x36,0x20,0x32,0x32,0x2e,0x37,
  0x37,0x37,0x38,0x20,0x32,0x33,0x2e,0x37,0x37,0x37,0x38,0x20,0x32,0x33,0x2e,0x31,
  0x35,0x39,0x39,0x20,0x32,0x33,0x2e,0x36,0x32,0x36,0x35,0x20,0x32,0x33,0x2e,0x36,
  0x35,0x38,0x4c,0x32,0x31,0x2e,0x36,0x38,0x30,0x37,0x20,0x33,0x30,0x2e,0x30,0x36,
  0x31,0x33,0x43,0x32,0x31,0x2e,0x32,0x32,0x33,0x34,0x20,0x33,0x31,0x2e,0x35,0x36,
  0x36,0x35,0x20,0x31,0x39,0x2e,0x30,0x37,0x38,0x38,0x20,0x33,0x31,0x2e,0x35,0x31,
  0x36,0x38,0x20,0x31,0x38,0x2e,0x34,0x39,0x32,0x38,0x20,0x32,0x39,0x2e,0x39,0x38,
  0x37,0x34,0x5a,0x22,0x20,0x66,0x69,0x6c,0x6c,0x3d,0x22,0x23,0x45,0x44,0x45,0x44,
  0x45,0x44,0x22,0x2f,0x3e,0xa,0x3c,0x2f,0x67,0x3e,0xa,0x3c,0x2f,0x73,0x76,0x67,
  0x3e,0xa,
  
};

static const unsigned char qt_resource_name[] = {
  // icons
  0x0,0x5,
  0x0,0x6f,0xa6,0x53,
  0x0,0x69,
  0x0,0x63,0x0,0x6f,0x0,0x6e,0x0,0x73,
    // DragWindow.qml
  0x0,0xe,
  0xb,0x93,0xe6,0x5c,
  0x0,0x44,
  0x0,0x72,0x0,0x61,0x0,0x67,0x0,0x57,0x0,0x69,0x0,0x6e,0x0,0x64,0x0,0x6f,0x0,0x77,0x0,0x2e,0x0,0x71,0x0,0x6d,0x0,0x6c,
    // main.qml
  0x0,0x8,
  0x8,0x1,0x5a,0x5c,
  0x0,0x6d,
  0x0,0x61,0x0,0x69,0x0,0x6e,0x0,0x2e,0x0,0x71,0x0,0x6d,0x0,0x6c,
    // resize.svg
  0x0,0xa,
  0x1,0xb,0x43,0x87,
  0x0,0x72,
  0x0,0x65,0x0,0x73,0x0,0x69,0x0,0x7a,0x0,0x65,0x0,0x2e,0x0,0x73,0x0,0x76,0x0,0x67,
    // Notes Minimalistic.svg
  0x0,0x16,
  0xb,0xe4,0x6f,0xe7,
  0x0,0x4e,
  0x0,0x6f,0x0,0x74,0x0,0x65,0x0,0x73,0x0,0x20,0x0,0x4d,0x0,0x69,0x0,0x6e,0x0,0x69,0x0,0x6d,0x0,0x61,0x0,0x6c,0x0,0x69,0x0,0x73,0x0,0x74,0x0,0x69,
  0x0,0x63,0x0,0x2e,0x0,0x73,0x0,0x76,0x0,0x67,
    // Notebook.svg
  0x0,0xc,
  0x0,0xf3,0xd,0x87,
  0x0,0x4e,
  0x0,0x6f,0x0,0x74,0x0,0x65,0x0,0x62,0x0,0x6f,0x0,0x6f,0x0,0x6b,0x0,0x2e,0x0,0x73,0x0,0x76,0x0,0x67,
    // seprator.svg
  0x0,0xc,
  0x4,0x5d,0xab,0xc7,
  0x0,0x73,
  0x0,0x65,0x0,0x70,0x0,0x72,0x0,0x61,0x0,0x74,0x0,0x6f,0x0,0x72,0x0,0x2e,0x0,0x73,0x0,0x76,0x0,0x67,
    // Add Node.svg
  0x0,0xc,
  0xd,0x54,0x90,0x67,
  0x0,0x41,
  0x0,0x64,0x0,0x64,0x0,0x20,0x0,0x4e,0x0,0x6f,0x0,0x64,0x0,0x65,0x0,0x2e,0x0,0x73,0x0,0x76,0x0,0x67,
    // Characters.svg
  0x0,0xe,
  0x1,0x86,0xbd,0xe7,
  0x0,0x43,
  0x0,0x68,0x0,0x61,0x0,0x72,0x0,0x61,0x0,0x63,0x0,0x74,0x0,0x65,0x0,0x72,0x0,0x73,0x0,0x2e,0x0,0x73,0x0,0x76,0x0,0x67,
    // Writerboard (Copy).zip
  0x0,0x16,
  0xc,0x74,0xf3,0xa0,
  0x0,0x57,
  0x0,0x72,0x0,0x69,0x0,0x74,0x0,0x65,0x0,0x72,0x0,0x62,0x0,0x6f,0x0,0x61,0x0,0x72,0x0,0x64,0x0,0x20,0x0,0x28,0x0,0x43,0x0,0x6f,0x0,0x70,0x0,0x79,
  0x0,0x29,0x0,0x2e,0x0,0x7a,0x0,0x69,0x0,0x70,
    // Close.svg
  0x0,0x9,
  0x6,0x98,0xce,0xa7,
  0x0,0x43,
  0x0,0x6c,0x0,0x6f,0x0,0x73,0x0,0x65,0x0,0x2e,0x0,0x73,0x0,0x76,0x0,0x67,
    // logo - Transparent.svg
  0x0,0x16,
  0x8,0x67,0x4a,0xc7,
  0x0,0x6c,
  0x0,0x6f,0x0,0x67,0x0,0x6f,0x0,0x20,0x0,0x2d,0x0,0x20,0x0,0x54,0x0,0x72,0x0,0x61,0x0,0x6e,0x0,0x73,0x0,0x70,0x0,0x61,0x0,0x72,0x0,0x65,0x0,0x6e,
  0x0,0x74,0x0,0x2e,0x0,0x73,0x0,0x76,0x0,0x67,
    // Minus.svg
  0x0,0x9,
  0x5,0xc6,0xf2,0xc7,
  0x0,0x4d,
  0x0,0x69,0x0,0x6e,0x0,0x75,0x0,0x73,0x0,0x2e,0x0,0x73,0x0,0x76,0x0,0x67,
    // Notepad.svg
  0x0,0xb,
  0x6,0xdd,0x8f,0x47,
  0x0,0x4e,
  0x0,0x6f,0x0,0x74,0x0,0x65,0x0,0x70,0x0,0x61,0x0,0x64,0x0,0x2e,0x0,0x73,0x0,0x76,0x0,0x67,
    // Vector 23.svg
  0x0,0xd,
  0xa,0x23,0x37,0x27,
  0x0,0x56,
  0x0,0x65,0x0,0x63,0x0,0x74,0x0,0x6f,0x0,0x72,0x0,0x20,0x0,0x32,0x0,0x33,0x0,0x2e,0x0,0x73,0x0,0x76,0x0,0x67,
    // Home_icon.svg
  0x0,0xd,
  0x8,0xa6,0x30,0x7,
  0x0,0x48,
  0x0,0x6f,0x0,0x6d,0x0,0x65,0x0,0x5f,0x0,0x69,0x0,0x63,0x0,0x6f,0x0,0x6e,0x0,0x2e,0x0,0x73,0x0,0x76,0x0,0x67,
    // Forward.svg
  0x0,0xb,
  0x8,0x1d,0x89,0x67,
  0x0,0x46,
  0x0,0x6f,0x0,0x72,0x0,0x77,0x0,0x61,0x0,0x72,0x0,0x64,0x0,0x2e,0x0,0x73,0x0,0x76,0x0,0x67,
    // Selection Mode.svg
  0x0,0x12,
  0x6,0x5c,0xff,0xc7,
  0x0,0x53,
  0x0,0x65,0x0,0x6c,0x0,0x65,0x0,0x63,0x0,0x74,0x0,0x69,0x0,0x6f,0x0,0x6e,0x0,0x20,0x0,0x4d,0x0,0x6f,0x0,0x64,0x0,0x65,0x0,0x2e,0x0,0x73,0x0,0x76,
  0x0,0x67,
  
};

static const unsigned char qt_resource_struct[] = {
  // :
  0x0,0x0,0x0,0x0,0x0,0x2,0x0,0x0,0x0,0x3,0x0,0x0,0x0,0x1,
0x0,0x0,0x0,0x0,0x0,0x0,0x0,0x0,
  // :/icons
  0x0,0x0,0x0,0x0,0x0,0x2,0x0,0x0,0x0,0xf,0x0,0x0,0x0,0x4,
0x0,0x0,0x0,0x0,0x0,0x0,0x0,0x0,
  // :/main.qml
  0x0,0x0,0x0,0x32,0x0,0x1,0x0,0x0,0x0,0x1,0x0,0x0,0xb,0xce,
0x0,0x0,0x1,0x92,0x9a,0x1a,0x22,0x86,
  // :/DragWindow.qml
  0x0,0x0,0x0,0x10,0x0,0x0,0x0,0x0,0x0,0x1,0x0,0x0,0x0,0x0,
0x0,0x0,0x1,0x92,0x9a,0x19,0xe8,0x6b,
  // :/icons/Notebook.svg
  0x0,0x0,0x0,0x94,0x0,0x0,0x0,0x0,0x0,0x1,0x0,0x0,0x28,0x42,
0x0,0x0,0x1,0x92,0x4b,0x80,0x77,0xcd,
  // :/icons/resize.svg
  0x0,0x0,0x0,0x48,0x0,0x0,0x0,0x0,0x0,0x1,0x0,0x0,0x19,0x27,
0x0,0x0,0x1,0x92,0x4e,0x1e,0x71,0xa5,
  // :/icons/Characters.svg
  0x0,0x0,0x0,0xee,0x0,0x0,0x0,0x0,0x0,0x1,0x0,0x0,0x38,0x5c,
0x0,0x0,0x1,0x92,0x4e,0x5,0x87,0x2c,
  // :/icons/seprator.svg
  0x0,0x0,0x0,0xb2,0x0,0x0,0x0,0x0,0x0,0x1,0x0,0x0,0x34,0x7e,
0x0,0x0,0x1,0x92,0x4e,0x18,0x3,0x87,
  // :/icons/Minus.svg
  0x0,0x0,0x1,0x8c,0x0,0x0,0x0,0x0,0x0,0x1,0x0,0x0,0x4a,0x8e,
0x0,0x0,0x1,0x92,0x4e,0x1e,0xf5,0xcf,
  // :/icons/Selection Mode.svg
  0x0,0x0,0x2,0x1c,0x0,0x0,0x0,0x0,0x0,0x1,0x0,0x0,0x62,0x68,
0x0,0x0,0x1,0x92,0x4e,0x5,0x4d,0xc4,
  // :/icons/Close.svg
  0x0,0x0,0x1,0x42,0x0,0x0,0x0,0x0,0x0,0x1,0x0,0x0,0x42,0xfb,
0x0,0x0,0x1,0x92,0x4e,0x1f,0x50,0xea,
  // :/icons/Notepad.svg
  0x0,0x0,0x1,0xa4,0x0,0x0,0x0,0x0,0x0,0x1,0x0,0x0,0x4b,0xf0,
0x0,0x0,0x1,0x92,0x4e,0x5,0x92,0xab,
  // :/icons/Forward.svg
  0x0,0x0,0x2,0x0,0x0,0x0,0x0,0x0,0x0,0x1,0x0,0x0,0x5a,0x60,
0x0,0x0,0x1,0x92,0x4b,0xe2,0x2b,0xe9,
  // :/icons/logo - Transparent.svg
  0x0,0x0,0x1,0x5a,0x0,0x0,0x0,0x0,0x0,0x1,0x0,0x0,0x46,0x38,
0x0,0x0,0x1,0x92,0x4d,0x2c,0x31,0xc9,
  // :/icons/Home_icon.svg
  0x0,0x0,0x1,0xe0,0x0,0x0,0x0,0x0,0x0,0x1,0x0,0x0,0x57,0xff,
0x0,0x0,0x1,0x92,0x4b,0x7f,0x1e,0x8a,
  // :/icons/Vector 23.svg
  0x0,0x0,0x1,0xc0,0x0,0x0,0x0,0x0,0x0,0x1,0x0,0x0,0x56,0xf1,
0x0,0x0,0x1,0x92,0x4b,0x7f,0x6e,0x72,
  // :/icons/Notes Minimalistic.svg
  0x0,0x0,0x0,0x62,0x0,0x0,0x0,0x0,0x0,0x1,0x0,0x0,0x1a,0x2e,
0x0,0x0,0x1,0x92,0x4b,0x80,0x37,0x59,
  // :/icons/Writerboard (Copy).zip
  0x0,0x0,0x1,0x10,0x0,0x0,0x0,0x0,0x0,0x1,0x0,0x0,0x3e,0x58,
0x0,0x0,0x1,0x92,0x61,0x96,0x48,0xac,
  // :/icons/Add Node.svg
  0x0,0x0,0x0,0xd0,0x0,0x0,0x0,0x0,0x0,0x1,0x0,0x0,0x35,0x34,
0x0,0x0,0x1,0x92,0x4e,0x32,0xbf,0x9c,

};

#ifdef QT_NAMESPACE
#  define QT_RCC_PREPEND_NAMESPACE(name) ::QT_NAMESPACE::name
#  define QT_RCC_MANGLE_NAMESPACE0(x) x
#  define QT_RCC_MANGLE_NAMESPACE1(a, b) a##_##b
#  define QT_RCC_MANGLE_NAMESPACE2(a, b) QT_RCC_MANGLE_NAMESPACE1(a,b)
#  define QT_RCC_MANGLE_NAMESPACE(name) QT_RCC_MANGLE_NAMESPACE2( \
        QT_RCC_MANGLE_NAMESPACE0(name), QT_RCC_MANGLE_NAMESPACE0(QT_NAMESPACE))
#else
#   define QT_RCC_PREPEND_NAMESPACE(name) name
#   define QT_RCC_MANGLE_NAMESPACE(name) name
#endif

#ifdef QT_NAMESPACE
namespace QT_NAMESPACE {
#endif

bool qRegisterResourceData(int, const unsigned char *, const unsigned char *, const unsigned char *);
bool qUnregisterResourceData(int, const unsigned char *, const unsigned char *, const unsigned char *);

#if defined(__ELF__) || defined(__APPLE__)
static inline unsigned char qResourceFeatureZlib()
{
    extern const unsigned char qt_resourceFeatureZlib;
    return qt_resourceFeatureZlib;
}
#else
unsigned char qResourceFeatureZlib();
#endif

#ifdef QT_NAMESPACE
}
#endif

int QT_RCC_MANGLE_NAMESPACE(qInitResources_main)();
int QT_RCC_MANGLE_NAMESPACE(qInitResources_main)()
{
    int version = 3;
    QT_RCC_PREPEND_NAMESPACE(qRegisterResourceData)
        (version, qt_resource_struct, qt_resource_name, qt_resource_data);
    return 1;
}

int QT_RCC_MANGLE_NAMESPACE(qCleanupResources_main)();
int QT_RCC_MANGLE_NAMESPACE(qCleanupResources_main)()
{
    int version = 3;
    version += QT_RCC_PREPEND_NAMESPACE(qResourceFeatureZlib());
    QT_RCC_PREPEND_NAMESPACE(qUnregisterResourceData)
       (version, qt_resource_struct, qt_resource_name, qt_resource_data);
    return 1;
}

#ifdef __clang__
#   pragma clang diagnostic push
#   pragma clang diagnostic ignored "-Wexit-time-destructors"
#endif

namespace {
   struct initializer {
       initializer() { QT_RCC_MANGLE_NAMESPACE(qInitResources_main)(); }
       ~initializer() { QT_RCC_MANGLE_NAMESPACE(qCleanupResources_main)(); }
   } dummy;
}

#ifdef __clang__
#   pragma clang diagnostic pop
#endif
